Measurement_Num,Timestamp,Interval_Pulses,Total_Pulses
1,2026-08-20 11:02:26,0,0
2,2026-08-20 11:03:26,0,0
3,2026-08-20 11:04:26,0,0
4,2026-08-20 11:05:26,0,0
5,2026-08-20 11:06:26,13,13
6,2026-08-20 11:07:26,5,18
7,2026-08-20 11:08:26,12,30
8,2026-08-20 11:09:26,14,44
9,2026-08-20 11:10:26,1,45
10,2026-08-20 11:11:26,0,45
11,2026-08-20 11:12:26,0,45
12,2026-08-20 11:13:26,0,45
1,2026-08-20 11:02:26,0,0
2,2026-08-20 11:03:26,0,0
3,2026-08-20 11:04:26,0,0
4,2026-08-20 11:05:26,1,1
5,2026-08-20 11:06:26,0,1
6,2026-08-20 11:07:26,1,2
1,2026-08-20 11:02:26,0,0
1,2026-08-20 11:02:26,0,0
2,2026-08-20 11:03:26,0,0
3,2026-08-20 11:04:26,0,0
4,2026-08-20 11:05:26,0,0
5,2026-08-20 11:06:26,0,0
6,2026-08-20 11:07:26,0,0
7,2026-08-20 11:08:26,0,0
8,2026-08-20 11:09:26,0,0
9,2026-08-20 11:10:25,0,0
10,2026-08-20 11:11:25,0,0
11,2026-08-20 11:12:25,0,0
12,2026-08-20 11:13:25,0,0
13,2026-08-20 11:14:25,0,0
14,2026-08-20 11:15:25,0,0
15,2026-08-20 11:16:25,0,0
16,2026-08-20 11:17:25,0,0
17,2026-08-20 11:18:25,0,0
18,2026-08-20 11:19:25,0,0
19,2026-08-20 11:20:25,0,0
20,2026-08-20 11:21:25,0,0
21,2026-08-20 11:22:25,0,0
22,2026-08-20 11:23:25,0,0
23,2026-08-20 11:24:25,0,0
24,2026-08-20 11:25:25,0,0
25,2026-08-20 11:26:25,0,0
26,2026-08-20 11:27:25,0,0
27,2026-08-20 11:28:25,0,0
28,2026-08-20 11:29:25,0,0
29,2026-08-20 11:30:25,0,0
30,2026-08-20 11:31:25,0,0
31,2026-08-20 11:32:25,0,0
32,2026-08-20 11:33:25,0,0
33,2026-08-20 11:34:25,0,0
34,2026-08-20 11:35:25,0,0
35,2026-08-20 11:36:25,0,0
36,2026-08-20 11:37:25,0,0
37,2026-08-20 11:38:25,0,0
38,2026-08-20 11:39:25,0,0
39,2026-08-20 11:40:25,0,0
40,2026-08-20 11:41:25,0,0
41,2026-08-20 11:42:25,0,0
42,2026-08-20 11:43:25,0,0
43,2026-08-20 11:44:25,0,0
44,2026-08-20 11:45:25,0,0
45,2026-08-20 11:46:25,0,0
46,2026-08-20 11:47:25,0,0
47,2026-08-20 11:48:25,0,0
48,2026-08-20 11:49:25,0,0
49,2026-08-20 11:50:25,0,0
50,2026-08-20 11:51:25,0,0
51,2026-08-20 11:52:25,0,0
52,2026-08-20 11:53:25,0,0
53,2026-08-20 11:54:25,0,0
54,2026-08-20 11:55:25,0,0
55,2026-08-20 11:56:25,0,0
56,2026-08-20 11:57:25,0,0
57,2026-08-20 11:58:25,0,0
58,2026-08-20 11:59:25,0,0
59,2026-08-20 12:00:25,0,0
60,2026-08-20 12:01:25,0,0
61,2026-08-20 12:02:25,0,0
62,2026-08-20 12:03:25,0,0
63,2026-08-20 12:04:25,0,0
64,2026-08-20 12:05:25,0,0
65,2026-08-20 12:06:25,0,0
66,2026-08-20 12:07:24,0,0
67,2026-08-20 12:08:24,0,0
68,2026-08-20 12:09:24,0,0
69,2026-08-20 12:10:24,0,0
70,2026-08-20 12:11:24,0,0
71,2026-08-20 12:12:24,0,0
72,2026-08-20 12:13:24,0,0
73,2026-08-20 12:14:24,0,0
74,2026-08-20 12:15:24,0,0
75,2026-08-20 12:16:24,0,0
76,2026-08-20 12:17:24,0,0
77,2026-08-20 12:18:24,0,0
78,2026-08-20 12:19:24,0,0
79,2026-08-20 12:20:24,0,0
80,2026-08-20 12:21:24,0,0
81,2026-08-20 12:22:24,0,0
82,2026-08-20 12:23:24,0,0
83,2026-08-20 12:24:24,0,0
84,2026-08-20 12:25:24,0,0
85,2026-08-20 12:26:24,0,0
86,2026-08-20 12:27:24,0,0
87,2026-08-20 12:28:24,0,0
88,2026-08-20 12:29:24,0,0
89,2026-08-20 12:30:24,0,0
90,2026-08-20 12:31:24,0,0
91,2026-08-20 12:32:24,0,0
92,2026-08-20 12:33:24,0,0
93,2026-08-20 12:34:24,0,0
94,2026-08-20 12:35:24,0,0
95,2026-08-20 12:36:24,0,0
96,2026-08-20 12:37:24,0,0
97,2026-08-20 12:38:24,0,0
98,2026-08-20 12:39:24,0,0
99,2026-08-20 12:40:24,0,0
100,2026-08-20 12:41:24,0,0
101,2026-08-20 12:42:24,0,0
102,2026-08-20 12:43:24,0,0
103,2026-08-20 12:44:24,0,0
104,2026-08-20 12:45:24,0,0
105,2026-08-20 12:46:24,0,0
106,2026-08-20 12:47:24,0,0
107,2026-08-20 12:48:24,0,0
108,2026-08-20 12:49:24,0,0
109,2026-08-20 12:50:24,0,0
110,2026-08-20 12:51:24,0,0
111,2026-08-20 12:52:24,0,0
112,2026-08-20 12:53:24,0,0
113,2026-08-20 12:54:24,0,0
114,2026-08-20 12:55:24,0,0
115,2026-08-20 12:56:24,0,0
116,2026-08-20 12:57:24,0,0
117,2026-08-20 12:58:24,0,0
118,2026-08-20 12:59:24,0,0
119,2026-08-20 13:00:24,0,0
120,2026-08-20 13:01:24,0,0
121,2026-08-20 13:02:24,0,0
122,2026-08-20 13:03:24,0,0
123,2026-08-20 13:04:23,0,0
124,2026-08-20 13:05:23,0,0
125,2026-08-20 13:06:23,0,0
126,2026-08-20 13:07:23,0,0
127,2026-08-20 13:08:23,0,0
128,2026-08-20 13:09:23,0,0
129,2026-08-20 13:10:23,0,0
130,2026-08-20 13:11:23,0,0
131,2026-08-20 13:12:23,0,0
132,2026-08-20 13:13:23,10,10
133,2026-08-20 13:14:23,18,28
134,2026-08-20 13:15:23,18,46
135,2026-08-20 13:16:23,20,66
136,2026-08-20 13:17:23,20,86
137,2026-08-20 13:18:23,21,107
138,2026-08-20 13:19:23,20,127
139,2026-08-20 13:20:23,18,145
140,2026-08-20 13:21:23,21,166
141,2026-08-20 13:22:23,20,186
142,2026-08-20 13:23:23,22,208
143,2026-08-20 13:24:23,18,226
144,2026-08-20 13:25:23,19,245
145,2026-08-20 13:26:23,22,267
146,2026-08-20 13:27:23,21,288
147,2026-08-20 13:28:23,20,308
148,2026-08-20 13:29:23,20,328
149,2026-08-20 13:30:23,20,348
150,2026-08-20 13:31:23,21,369
151,2026-08-20 13:32:23,20,389
152,2026-08-20 13:33:23,20,409
153,2026-08-20 13:34:23,20,429
154,2026-08-20 13:35:23,23,452
155,2026-08-20 13:36:23,20,472
156,2026-08-20 13:37:23,21,493
157,2026-08-20 13:38:23,22,515
158,2026-08-20 13:39:23,19,534
159,2026-08-20 13:40:23,21,555
160,2026-08-20 13:41:23,21,576
161,2026-08-20 13:42:23,21,597
162,2026-08-20 13:43:23,19,616
163,2026-08-20 13:44:23,20,636
164,2026-08-20 13:45:23,18,654
165,2026-08-20 13:46:23,21,675
166,2026-08-20 13:47:23,19,694
167,2026-08-20 13:48:23,20,714
168,2026-08-20 13:49:23,17,731
169,2026-08-20 13:50:23,20,751
170,2026-08-20 13:51:23,20,771
171,2026-08-20 13:52:23,18,789
172,2026-08-20 13:53:23,20,809
173,2026-08-20 13:54:23,19,828
174,2026-08-20 13:55:23,19,847
175,2026-08-20 13:56:23,20,867
176,2026-08-20 13:57:23,19,886
177,2026-08-20 13:58:23,19,905
178,2026-08-20 13:59:23,20,925
179,2026-08-20 14:00:23,20,945
180,2026-08-20 14:01:22,17,962
181,2026-08-20 14:02:22,19,981
182,2026-08-20 14:03:22,18,999
183,2026-08-20 14:04:22,19,1018
184,2026-08-20 14:05:22,18,1036
185,2026-08-20 14:06:22,18,1054
186,2026-08-20 14:07:22,20,1074
187,2026-08-20 14:08:22,17,1091
188,2026-08-20 14:09:22,20,1111
189,2026-08-20 14:10:22,20,1131
190,2026-08-20 14:11:22,19,1150
191,2026-08-20 14:12:22,17,1167
192,2026-08-20 14:13:22,19,1186
193,2026-08-20 14:14:22,20,1206
194,2026-08-20 14:15:22,19,1225
195,2026-08-20 14:16:22,19,1244
196,2026-08-20 14:17:22,22,1266
197,2026-08-20 14:18:22,18,1284
198,2026-08-20 14:19:22,19,1303
199,2026-08-20 14:20:22,21,1324
200,2026-08-20 14:21:22,21,1345
201,2026-08-20 14:22:22,19,1364
202,2026-08-20 14:23:22,19,1383
203,2026-08-20 14:24:22,20,1403
204,2026-08-20 14:25:22,20,1423
205,2026-08-20 14:26:22,21,1444
206,2026-08-20 14:27:22,20,1464
207,2026-08-20 14:28:22,20,1484
208,2026-08-20 14:29:22,21,1505
209,2026-08-20 14:30:22,20,1525
210,2026-08-20 14:31:22,20,1545
211,2026-08-20 14:32:22,21,1566
212,2026-08-20 14:33:22,18,1584
213,2026-08-20 14:34:22,20,1604
214,2026-08-20 14:35:22,21,1625
215,2026-08-20 14:36:22,20,1645
216,2026-08-20 14:37:22,21,1666
217,2026-08-20 14:38:22,20,1686
218,2026-08-20 14:39:22,19,1705
219,2026-08-20 14:40:22,21,1726
220,2026-08-20 14:41:22,21,1747
221,2026-08-20 14:42:22,20,1767
222,2026-08-20 14:43:22,20,1787
223,2026-08-20 14:44:22,19,1806
224,2026-08-20 14:45:22,21,1827
225,2026-08-20 14:46:22,20,1847
226,2026-08-20 14:47:22,20,1867
227,2026-08-20 14:48:22,20,1887
228,2026-08-20 14:49:22,18,1905
229,2026-08-20 14:50:22,19,1924
230,2026-08-20 14:51:22,21,1945
231,2026-08-20 14:52:22,19,1964
232,2026-08-20 14:53:22,21,1985
233,2026-08-20 14:54:22,20,2005
234,2026-08-20 14:55:22,20,2025
235,2026-08-20 14:56:22,20,2045
236,2026-08-20 14:57:21,20,2065
237,2026-08-20 14:58:21,19,2084
238,2026-08-20 14:59:21,19,2103
239,2026-08-20 15:00:21,19,2122
240,2026-08-20 15:01:21,19,2141
241,2026-08-20 15:02:21,21,2162
242,2026-08-20 15:03:21,20,2182
243,2026-08-20 15:04:21,18,2200
244,2026-08-20 15:05:21,19,2219
245,2026-08-20 15:06:21,20,2239
246,2026-08-20 15:07:21,20,2259
247,2026-08-20 15:08:21,20,2279
248,2026-08-20 15:09:21,20,2299
249,2026-08-20 15:10:21,21,2320
250,2026-08-20 15:11:21,22,2342
251,2026-08-20 15:12:21,18,2360
252,2026-08-20 15:13:21,21,2381
253,2026-08-20 15:14:21,19,2400
254,2026-08-20 15:15:21,20,2420
255,2026-08-20 15:16:21,18,2438
256,2026-08-20 15:17:21,20,2458
257,2026-08-20 15:18:21,19,2477
258,2026-08-20 15:19:21,20,2497
259,2026-08-20 15:20:21,19,2516
260,2026-08-20 15:21:21,21,2537
261,2026-08-20 15:22:21,18,2555
262,2026-08-20 15:23:21,22,2577
263,2026-08-20 15:24:21,19,2596
264,2026-08-20 15:25:21,22,2618
265,2026-08-20 15:26:21,21,2639
266,2026-08-20 15:27:21,21,2660
267,2026-08-20 15:28:21,19,2679
268,2026-08-20 15:29:21,21,2700
269,2026-08-20 15:30:21,22,2722
270,2026-08-20 15:31:21,19,2741
271,2026-08-20 15:32:21,19,2760
272,2026-08-20 15:33:21,22,2782
273,2026-08-20 15:34:21,20,2802
274,2026-08-20 15:35:21,22,2824
275,2026-08-20 15:36:21,19,2843
276,2026-08-20 15:37:21,19,2862
277,2026-08-20 15:38:21,20,2882
278,2026-08-20 15:39:21,20,2902
279,2026-08-20 15:40:21,20,2922
280,2026-08-20 15:41:21,21,2943
281,2026-08-20 15:42:21,20,2963
282,2026-08-20 15:43:21,23,2986
283,2026-08-20 15:44:21,22,3008
284,2026-08-20 15:45:21,22,3030
285,2026-08-20 15:46:21,22,3052
286,2026-08-20 15:47:21,23,3075
287,2026-08-20 15:48:21,23,3098
288,2026-08-20 15:49:21,21,3119
289,2026-08-20 15:50:21,22,3141
290,2026-08-20 15:51:21,21,3162
291,2026-08-20 15:52:21,22,3184
292,2026-08-20 15:53:21,24,3208
293,2026-08-20 15:54:20,20,3228
294,2026-08-20 15:55:20,22,3250
295,2026-08-20 15:56:20,23,3273
296,2026-08-20 15:57:20,20,3293
297,2026-08-20 15:58:20,22,3315
298,2026-08-20 15:59:20,21,3336
299,2026-08-20 16:00:20,22,3358
300,2026-08-20 16:01:20,21,3379
301,2026-08-20 16:02:20,23,3402
302,2026-08-20 16:03:20,21,3423
303,2026-08-20 16:04:20,21,3444
304,2026-08-20 16:05:20,21,3465
305,2026-08-20 16:06:20,22,3487
306,2026-08-20 16:07:20,21,3508
307,2026-08-20 16:08:20,22,3530
308,2026-08-20 16:09:20,22,3552
309,2026-08-20 16:10:20,20,3572
310,2026-08-20 16:11:20,22,3594
311,2026-08-20 16:12:20,21,3615
312,2026-08-20 16:13:20,23,3638
313,2026-08-20 16:14:20,21,3659
314,2026-08-20 16:15:20,21,3680
315,2026-08-20 16:16:20,23,3703
316,2026-08-20 16:17:20,22,3725
317,2026-08-20 16:18:20,20,3745
318,2026-08-20 16:19:20,21,3766
319,2026-08-20 16:20:20,22,3788
320,2026-08-20 16:21:20,23,3811
321,2026-08-20 16:22:20,21,3832
322,2026-08-20 16:23:20,21,3853
323,2026-08-20 16:24:20,22,3875
324,2026-08-20 16:25:20,22,3897
325,2026-08-20 16:26:20,23,3920
326,2026-08-20 16:27:20,21,3941
327,2026-08-20 16:28:20,23,3964
328,2026-08-20 16:29:20,20,3984
329,2026-08-20 16:30:20,22,4006
330,2026-08-20 16:31:20,21,4027
331,2026-08-20 16:32:20,23,4050
332,2026-08-20 16:33:20,20,4070
333,2026-08-20 16:34:20,21,4091
334,2026-08-20 16:35:20,21,4112
335,2026-08-20 16:36:20,22,4134
336,2026-08-20 16:37:20,22,4156
337,2026-08-20 16:38:20,19,4175
338,2026-08-20 16:39:20,21,4196
339,2026-08-20 16:40:20,22,4218
340,2026-08-20 16:41:20,21,4239
341,2026-08-20 16:42:20,19,4258
342,2026-08-20 16:43:20,22,4280
343,2026-08-20 16:44:20,21,4301
344,2026-08-20 16:45:20,21,4322
345,2026-08-20 16:46:20,20,4342
346,2026-08-20 16:47:20,20,4362
347,2026-08-20 16:48:20,21,4383
348,2026-08-20 16:49:20,21,4404
349,2026-08-20 16:50:20,20,4424
350,2026-08-20 16:51:19,22,4446
351,2026-08-20 16:52:19,19,4465
352,2026-08-20 16:53:19,22,4487
353,2026-08-20 16:54:19,21,4508
354,2026-08-20 16:55:19,19,4527
355,2026-08-20 16:56:19,21,4548
356,2026-08-20 16:57:19,22,4570
357,2026-08-20 16:58:19,22,4592
358,2026-08-20 16:59:19,20,4612
359,2026-08-20 17:00:19,21,4633
360,2026-08-20 17:01:19,19,4652
361,2026-08-20 17:02:19,21,4673
362,2026-08-20 17:03:19,19,4692
363,2026-08-20 17:04:19,22,4714
364,2026-08-20 17:05:19,19,4733
365,2026-08-20 17:06:19,19,4752
366,2026-08-20 17:07:19,22,4774
367,2026-08-20 17:08:19,21,4795
368,2026-08-20 17:09:19,20,4815
369,2026-08-20 17:10:19,19,4834
370,2026-08-20 17:11:19,20,4854
371,2026-08-20 17:12:19,21,4875
372,2026-08-20 17:13:19,21,4896
373,2026-08-20 17:14:19,21,4917
374,2026-08-20 17:15:19,20,4937
375,2026-08-20 17:16:19,21,4958
376,2026-08-20 17:17:19,20,4978
377,2026-08-20 17:18:19,22,5000
378,2026-08-20 17:19:19,20,5020
379,2026-08-20 17:20:19,20,5040
380,2026-08-20 17:21:19,21,5061
381,2026-08-20 17:22:19,21,5082
382,2026-08-20 17:23:19,21,5103
383,2026-08-20 17:24:19,19,5122
384,2026-08-20 17:25:19,20,5142
385,2026-08-20 17:26:19,20,5162
386,2026-08-20 17:27:19,22,5184
387,2026-08-20 17:28:19,20,5204
388,2026-08-20 17:29:19,19,5223
389,2026-08-20 17:30:19,21,5244
390,2026-08-20 17:31:19,20,5264
391,2026-08-20 17:32:19,20,5284
392,2026-08-20 17:33:19,19,5303
393,2026-08-20 17:34:19,19,5322
394,2026-08-20 17:35:19,22,5344
395,2026-08-20 17:36:19,21,5365
396,2026-08-20 17:37:19,20,5385
397,2026-08-20 17:38:19,22,5407
398,2026-08-20 17:39:19,20,5427
399,2026-08-20 17:40:19,21,5448
400,2026-08-20 17:41:19,22,5470
401,2026-08-20 17:42:19,20,5490
402,2026-08-20 17:43:19,22,5512
403,2026-08-20 17:44:19,20,5532
404,2026-08-20 17:45:19,20,5552
405,2026-08-20 17:46:19,22,5574
406,2026-08-20 17:47:19,21,5595
407,2026-08-20 17:48:19,19,5614
408,2026-08-20 17:49:18,21,5635
409,2026-08-20 17:50:18,22,5657
410,2026-08-20 17:51:18,20,5677
411,2026-08-20 17:52:18,22,5699
412,2026-08-20 17:53:18,18,5717
413,2026-08-20 17:54:18,20,5737
414,2026-08-20 17:55:18,21,5758
415,2026-08-20 17:56:18,21,5779
416,2026-08-20 17:57:18,21,5800
417,2026-08-20 17:58:18,20,5820
418,2026-08-20 17:59:18,21,5841
419,2026-08-20 18:00:18,19,5860
420,2026-08-20 18:01:18,22,5882
421,2026-08-20 18:02:18,22,5904
422,2026-08-20 18:03:18,20,5924
423,2026-08-20 18:04:18,21,5945
424,2026-08-20 18:05:18,21,5966
425,2026-08-20 18:06:18,21,5987
426,2026-08-20 18:07:18,21,6008
427,2026-08-20 18:08:18,19,6027
428,2026-08-20 18:09:18,24,6051
429,2026-08-20 18:10:18,20,6071
430,2026-08-20 18:11:18,21,6092
431,2026-08-20 18:12:18,21,6113
432,2026-08-20 18:13:18,22,6135
433,2026-08-20 18:14:18,21,6156
434,2026-08-20 18:15:18,21,6177
435,2026-08-20 18:16:18,21,6198
436,2026-08-20 18:17:18,21,6219
437,2026-08-20 18:18:18,21,6240
438,2026-08-20 18:19:18,22,6262
439,2026-08-20 18:20:18,21,6283
440,2026-08-20 18:21:18,22,6305
441,2026-08-20 18:22:18,22,6327
442,2026-08-20 18:23:18,21,6348
443,2026-08-20 18:24:18,21,6369
444,2026-08-20 18:25:18,23,6392
445,2026-08-20 18:26:18,20,6412
446,2026-08-20 18:27:18,23,6435
447,2026-08-20 18:28:18,20,6455
448,2026-08-20 18:29:18,21,6476
449,2026-08-20 18:30:18,23,6499
450,2026-08-20 18:31:18,22,6521
451,2026-08-20 18:32:18,21,6542
452,2026-08-20 18:33:18,21,6563
453,2026-08-20 18:34:18,21,6584
454,2026-08-20 18:35:18,23,6607
455,2026-08-20 18:36:18,22,6629
456,2026-08-20 18:37:18,21,6650
457,2026-08-20 18:38:18,23,6673
458,2026-08-20 18:39:18,21,6694
459,2026-08-20 18:40:18,22,6716
460,2026-08-20 18:41:18,22,6738
461,2026-08-20 18:42:18,22,6760
462,2026-08-20 18:43:18,21,6781
463,2026-08-20 18:44:18,23,6804
464,2026-08-20 18:45:18,21,6825
465,2026-08-20 18:46:18,24,6849
466,2026-08-20 18:47:17,21,6870
467,2026-08-20 18:48:17,22,6892
468,2026-08-20 18:49:17,22,6914
469,2026-08-20 18:50:17,23,6937
470,2026-08-20 18:51:17,22,6959
471,2026-08-20 18:52:17,23,6982
472,2026-08-20 18:53:17,22,7004
473,2026-08-20 18:54:17,21,7025
474,2026-08-20 18:55:17,24,7049
475,2026-08-20 18:56:17,22,7071
476,2026-08-20 18:57:17,21,7092
477,2026-08-20 18:58:17,24,7116
478,2026-08-20 18:59:17,24,7140
479,2026-08-20 19:00:17,21,7161
480,2026-08-20 19:01:17,23,7184
481,2026-08-20 19:02:17,24,7208
482,2026-08-20 19:03:17,22,7230
483,2026-08-20 19:04:17,24,7254
484,2026-08-20 19:05:17,21,7275
485,2026-08-20 19:06:17,22,7297
486,2026-08-20 19:07:17,24,7321
487,2026-08-20 19:08:17,22,7343
488,2026-08-20 19:09:17,22,7365
489,2026-08-20 19:10:17,24,7389
490,2026-08-20 19:11:17,22,7411
491,2026-08-20 19:12:17,22,7433
492,2026-08-20 19:13:17,24,7457
493,2026-08-20 19:14:17,22,7479
494,2026-08-20 19:15:17,23,7502
495,2026-08-20 19:16:17,22,7524
496,2026-08-20 19:17:17,21,7545
497,2026-08-20 19:18:17,23,7568
498,2026-08-20 19:19:17,24,7592
499,2026-08-20 19:20:17,22,7614
500,2026-08-20 19:21:17,23,7637
501,2026-08-20 19:22:17,21,7658
502,2026-08-20 19:23:17,23,7681
503,2026-08-20 19:24:17,21,7702
504,2026-08-20 19:25:17,23,7725
505,2026-08-20 19:26:17,21,7746
506,2026-08-20 19:27:17,21,7767
507,2026-08-20 19:28:17,22,7789
508,2026-08-20 19:29:17,21,7810
509,2026-08-20 19:30:17,21,7831
510,2026-08-20 19:31:17,21,7852
511,2026-08-20 19:32:17,24,7876
512,2026-08-20 19:33:17,21,7897
513,2026-08-20 19:34:17,21,7918
514,2026-08-20 19:35:17,23,7941
515,2026-08-20 19:36:17,22,7963
516,2026-08-20 19:37:17,21,7984
517,2026-08-20 19:38:17,23,8007
518,2026-08-20 19:39:17,21,8028
519,2026-08-20 19:40:17,21,8049
520,2026-08-20 19:41:17,22,8071
521,2026-08-20 19:42:17,23,8094
522,2026-08-20 19:43:17,21,8115
523,2026-08-20 19:44:17,22,8137
524,2026-08-20 19:45:16,22,8159
525,2026-08-20 19:46:16,24,8183
526,2026-08-20 19:47:16,22,8205
527,2026-08-20 19:48:16,23,8228
528,2026-08-20 19:49:16,24,8252
529,2026-08-20 19:50:16,21,8273
530,2026-08-20 19:51:16,22,8295
531,2026-08-20 19:52:16,23,8318
532,2026-08-20 19:53:16,20,8338
533,2026-08-20 19:54:16,24,8362
534,2026-08-20 19:55:16,23,8385
535,2026-08-20 19:56:16,23,8408
536,2026-08-20 19:57:16,22,8430
537,2026-08-20 19:58:16,23,8453
538,2026-08-20 19:59:16,23,8476
539,2026-08-20 20:00:16,23,8499
540,2026-08-20 20:01:16,24,8523
541,2026-08-20 20:02:16,23,8546
542,2026-08-20 20:03:16,23,8569
543,2026-08-20 20:04:16,23,8592
544,2026-08-20 20:05:16,23,8615
545,2026-08-20 20:06:16,23,8638
546,2026-08-20 20:07:16,21,8659
547,2026-08-20 20:08:16,24,8683
548,2026-08-20 20:09:16,24,8707
549,2026-08-20 20:10:16,23,8730
550,2026-08-20 20:11:16,24,8754
551,2026-08-20 20:12:16,22,8776
552,2026-08-20 20:13:16,24,8800
553,2026-08-20 20:14:16,22,8822
554,2026-08-20 20:15:16,24,8846
555,2026-08-20 20:16:16,22,8868
556,2026-08-20 20:17:16,24,8892
557,2026-08-20 20:18:16,21,8913
558,2026-08-20 20:19:16,22,8935
559,2026-08-20 20:20:16,24,8959
560,2026-08-20 20:21:16,23,8982
561,2026-08-20 20:22:16,23,9005
562,2026-08-20 20:23:16,23,9028
563,2026-08-20 20:24:16,23,9051
564,2026-08-20 20:25:16,23,9074
565,2026-08-20 20:26:16,23,9097
566,2026-08-20 20:27:16,23,9120
567,2026-08-20 20:28:16,22,9142
568,2026-08-20 20:29:16,23,9165
569,2026-08-20 20:30:16,22,9187
570,2026-08-20 20:31:16,22,9209
571,2026-08-20 20:32:16,22,9231
572,2026-08-20 20:33:16,23,9254
573,2026-08-20 20:34:16,21,9275
574,2026-08-20 20:35:16,24,9299
575,2026-08-20 20:36:16,24,9323
576,2026-08-20 20:37:16,22,9345
577,2026-08-20 20:38:16,23,9368
578,2026-08-20 20:39:16,22,9390
579,2026-08-20 20:40:16,23,9413
580,2026-08-20 20:41:16,22,9435
581,2026-08-20 20:42:16,23,9458
582,2026-08-20 20:43:15,22,9480
583,2026-08-20 20:44:15,22,9502
584,2026-08-20 20:45:15,23,9525
585,2026-08-20 20:46:15,21,9546
586,2026-08-20 20:47:15,22,9568
587,2026-08-20 20:48:15,21,9589
588,2026-08-20 20:49:15,23,9612
589,2026-08-20 20:50:15,21,9633
590,2026-08-20 20:51:15,22,9655
591,2026-08-20 20:52:15,25,9680
592,2026-08-20 20:53:15,22,9702
593,2026-08-20 20:54:15,22,9724
594,2026-08-20 20:55:15,22,9746
595,2026-08-20 20:56:15,22,9768
596,2026-08-20 20:57:15,22,9790
597,2026-08-20 20:58:15,22,9812
598,2026-08-20 20:59:15,23,9835
599,2026-08-20 21:00:15,21,9856
600,2026-08-20 21:01:15,22,9878
601,2026-08-20 21:02:15,22,9900
602,2026-08-20 21:03:15,21,9921
603,2026-08-20 21:04:15,21,9942
604,2026-08-20 21:05:15,22,9964
605,2026-08-20 21:06:15,21,9985
606,2026-08-20 21:07:15,21,10006
607,2026-08-20 21:08:15,21,10027
608,2026-08-20 21:09:15,20,10047
609,2026-08-20 21:10:15,21,10068
610,2026-08-20 21:11:15,21,10089
611,2026-08-20 21:12:15,23,10112
612,2026-08-20 21:13:15,21,10133
613,2026-08-20 21:14:15,23,10156
614,2026-08-20 21:15:15,21,10177
615,2026-08-20 21:16:15,22,10199
616,2026-08-20 21:17:15,23,10222
617,2026-08-20 21:18:15,21,10243
618,2026-08-20 21:19:15,21,10264
619,2026-08-20 21:20:15,21,10285
620,2026-08-20 21:21:15,20,10305
621,2026-08-20 21:22:15,20,10325
622,2026-08-20 21:23:15,20,10345
623,2026-08-20 21:24:15,22,10367
624,2026-08-20 21:25:15,19,10386
625,2026-08-20 21:26:15,21,10407
626,2026-08-20 21:27:15,20,10427
627,2026-08-20 21:28:15,21,10448
628,2026-08-20 21:29:15,21,10469
629,2026-08-20 21:30:15,21,10490
630,2026-08-20 21:31:15,21,10511
631,2026-08-20 21:32:15,22,10533
632,2026-08-20 21:33:15,21,10554
633,2026-08-20 21:34:15,20,10574
634,2026-08-20 21:35:15,20,10594
635,2026-08-20 21:36:15,17,10611
636,2026-08-20 21:37:15,23,10634
637,2026-08-20 21:38:15,19,10653
638,2026-08-20 21:39:15,22,10675
639,2026-08-20 21:40:15,18,10693
640,2026-08-20 21:41:14,19,10712
641,2026-08-20 21:42:14,22,10734
642,2026-08-20 21:43:14,21,10755
643,2026-08-20 21:44:14,21,10776
644,2026-08-20 21:45:14,20,10796
645,2026-08-20 21:46:14,22,10818
646,2026-08-20 21:47:14,19,10837
647,2026-08-20 21:48:14,21,10858
648,2026-08-20 21:49:14,20,10878
649,2026-08-20 21:50:14,23,10901
650,2026-08-20 21:51:14,20,10921
651,2026-08-20 21:52:14,21,10942
652,2026-08-20 21:53:14,20,10962
653,2026-08-20 21:54:14,21,10983
654,2026-08-20 21:55:14,20,11003
655,2026-08-20 21:56:14,20,11023
656,2026-08-20 21:57:14,19,11042
657,2026-08-20 21:58:14,22,11064
658,2026-08-20 21:59:14,20,11084
659,2026-08-20 22:00:14,21,11105
660,2026-08-20 22:01:14,23,11128
661,2026-08-20 22:02:14,19,11147
662,2026-08-20 22:03:14,22,11169
663,2026-08-20 22:04:14,20,11189
664,2026-08-20 22:05:14,23,11212
665,2026-08-20 22:06:14,22,11234
666,2026-08-20 22:07:14,20,11254
667,2026-08-20 22:08:14,22,11276
668,2026-08-20 22:09:14,20,11296
669,2026-08-20 22:10:14,22,11318
670,2026-08-20 22:11:14,21,11339
671,2026-08-20 22:12:14,20,11359
672,2026-08-20 22:13:14,23,11382
673,2026-08-20 22:14:14,20,11402
674,2026-08-20 22:15:14,23,11425
675,2026-08-20 22:16:14,20,11445
676,2026-08-20 22:17:14,23,11468
677,2026-08-20 22:18:14,20,11488
678,2026-08-20 22:19:14,22,11510
679,2026-08-20 22:20:14,20,11530
680,2026-08-20 22:21:14,22,11552
681,2026-08-20 22:22:14,23,11575
682,2026-08-20 22:23:14,20,11595
683,2026-08-20 22:24:14,22,11617
684,2026-08-20 22:25:14,22,11639
685,2026-08-20 22:26:14,20,11659
686,2026-08-20 22:27:14,23,11682
687,2026-08-20 22:28:14,21,11703
688,2026-08-20 22:29:14,22,11725
689,2026-08-20 22:30:14,23,11748
690,2026-08-20 22:31:14,21,11769
691,2026-08-20 22:32:14,21,11790
692,2026-08-20 22:33:14,22,11812
693,2026-08-20 22:34:14,24,11836
694,2026-08-20 22:35:14,21,11857
695,2026-08-20 22:36:14,22,11879
696,2026-08-20 22:37:14,24,11903
697,2026-08-20 22:38:14,22,11925
698,2026-08-20 22:39:13,21,11946
699,2026-08-20 22:40:13,22,11968
700,2026-08-20 22:41:13,22,11990
701,2026-08-20 22:42:13,23,12013
702,2026-08-20 22:43:13,22,12035
703,2026-08-20 22:44:13,21,12056
704,2026-08-20 22:45:13,23,12079
705,2026-08-20 22:46:13,21,12100
706,2026-08-20 22:47:13,21,12121
707,2026-08-20 22:48:13,23,12144
708,2026-08-20 22:49:13,22,12166
709,2026-08-20 22:50:13,23,12189
710,2026-08-20 22:51:13,21,12210
711,2026-08-20 22:52:13,22,12232
712,2026-08-20 22:53:13,24,12256
713,2026-08-20 22:54:13,22,12278
714,2026-08-20 22:55:13,22,12300
715,2026-08-20 22:56:13,25,12325
716,2026-08-20 22:57:13,21,12346
717,2026-08-20 22:58:13,21,12367
718,2026-08-20 22:59:13,22,12389
719,2026-08-20 23:00:13,23,12412
720,2026-08-20 23:01:13,23,12435
721,2026-08-20 23:02:13,22,12457
722,2026-08-20 23:03:13,21,12478
723,2026-08-20 23:04:13,22,12500
724,2026-08-20 23:05:13,23,12523
725,2026-08-20 23:06:13,21,12544
726,2026-08-20 23:07:13,24,12568
727,2026-08-20 23:08:13,20,12588
728,2026-08-20 23:09:13,22,12610
729,2026-08-20 23:10:13,21,12631
730,2026-08-20 23:11:13,23,12654
731,2026-08-20 23:12:13,21,12675
732,2026-08-20 23:13:13,22,12697
733,2026-08-20 23:14:13,22,12719
734,2026-08-20 23:15:13,23,12742
735,2026-08-20 23:16:13,22,12764
736,2026-08-20 23:17:13,21,12785
737,2026-08-20 23:18:13,22,12807
738,2026-08-20 23:19:13,22,12829
739,2026-08-20 23:20:13,22,12851
740,2026-08-20 23:21:13,19,12870
741,2026-08-20 23:22:13,23,12893
742,2026-08-20 23:23:13,20,12913
743,2026-08-20 23:24:13,22,12935
744,2026-08-20 23:25:13,23,12958
745,2026-08-20 23:26:13,21,12979
746,2026-08-20 23:27:13,21,13000
747,2026-08-20 23:28:13,23,13023
748,2026-08-20 23:29:13,21,13044
749,2026-08-20 23:30:13,21,13065
750,2026-08-20 23:31:13,22,13087
751,2026-08-20 23:32:13,23,13110
752,2026-08-20 23:33:13,21,13131
753,2026-08-20 23:34:13,24,13155
754,2026-08-20 23:35:13,22,13177
755,2026-08-20 23:36:13,22,13199
756,2026-08-20 23:37:12,20,13219
757,2026-08-20 23:38:12,23,13242
758,2026-08-20 23:39:12,22,13264
759,2026-08-20 23:40:12,21,13285
760,2026-08-20 23:41:12,22,13307
761,2026-08-20 23:42:12,21,13328
762,2026-08-20 23:43:12,21,13349
763,2026-08-20 23:44:12,22,13371
764,2026-08-20 23:45:12,21,13392
765,2026-08-20 23:46:12,23,13415
766,2026-08-20 23:47:12,22,13437
767,2026-08-20 23:48:12,20,13457
768,2026-08-20 23:49:12,23,13480
769,2026-08-20 23:50:12,22,13502
770,2026-08-20 23:51:12,20,13522
771,2026-08-20 23:52:12,23,13545
772,2026-08-20 23:53:12,21,13566
773,2026-08-20 23:54:12,22,13588
774,2026-08-20 23:55:12,21,13609
775,2026-08-20 23:56:12,22,13631
776,2026-08-20 23:57:12,22,13653
777,2026-08-20 23:58:12,22,13675
778,2026-08-20 23:59:12,24,13699
779,2026-08-21 00:00:12,19,13718
780,2026-08-21 00:01:12,22,13740
781,2026-08-21 00:02:12,23,13763
782,2026-08-21 00:03:12,21,13784
783,2026-08-21 00:04:12,23,13807
784,2026-08-21 00:05:12,23,13830
785,2026-08-21 00:06:12,21,13851
786,2026-08-21 00:07:12,23,13874
787,2026-08-21 00:08:12,23,13897
788,2026-08-21 00:09:12,22,13919
789,2026-08-21 00:10:12,22,13941
790,2026-08-21 00:11:12,23,13964
791,2026-08-21 00:12:12,22,13986
792,2026-08-21 00:13:12,21,14007
793,2026-08-21 00:14:12,22,14029
794,2026-08-21 00:15:12,24,14053
795,2026-08-21 00:16:12,19,14072
796,2026-08-21 00:17:12,23,14095
797,2026-08-21 00:18:12,27,14122
798,2026-08-21 00:19:12,21,14143
799,2026-08-21 00:20:12,23,14166
800,2026-08-21 00:21:12,26,14192
801,2026-08-21 00:22:12,26,14218
802,2026-08-21 00:23:12,24,14242
803,2026-08-21 00:24:12,23,14265
804,2026-08-21 00:25:12,25,14290
805,2026-08-21 00:26:12,26,14316
806,2026-08-21 00:27:12,25,14341
807,2026-08-21 00:28:12,24,14365
808,2026-08-21 00:29:12,24,14389
809,2026-08-21 00:30:12,24,14413
810,2026-08-21 00:31:12,24,14437
811,2026-08-21 00:32:12,22,14459
812,2026-08-21 00:33:12,25,14484
813,2026-08-21 00:34:12,24,14508
814,2026-08-21 00:35:11,23,14531
815,2026-08-21 00:36:11,24,14555
816,2026-08-21 00:37:11,23,14578
817,2026-08-21 00:38:11,23,14601
818,2026-08-21 00:39:11,23,14624
819,2026-08-21 00:40:11,23,14647
820,2026-08-21 00:41:11,24,14671
821,2026-08-21 00:42:11,22,14693
822,2026-08-21 00:43:11,23,14716
823,2026-08-21 00:44:11,22,14738
824,2026-08-21 00:45:11,23,14761
825,2026-08-21 00:46:11,23,14784
826,2026-08-21 00:47:11,23,14807
827,2026-08-21 00:48:11,23,14830
828,2026-08-21 00:49:11,22,14852
829,2026-08-21 00:50:11,22,14874
830,2026-08-21 00:51:11,22,14896
831,2026-08-21 00:52:11,22,14918
832,2026-08-21 00:53:11,22,14940
833,2026-08-21 00:54:11,23,14963
834,2026-08-21 00:55:11,21,14984
835,2026-08-21 00:56:11,21,15005
836,2026-08-21 00:57:11,22,15027
837,2026-08-21 00:58:11,22,15049
838,2026-08-21 00:59:11,23,15072
839,2026-08-21 01:00:11,21,15093
840,2026-08-21 01:01:11,21,15114
841,2026-08-21 01:02:11,22,15136
842,2026-08-21 01:03:11,21,15157
843,2026-08-21 01:04:11,22,15179
844,2026-08-21 01:05:11,21,15200
845,2026-08-21 01:06:11,21,15221
846,2026-08-21 01:07:11,21,15242
847,2026-08-21 01:08:11,22,15264
848,2026-08-21 01:09:11,20,15284
849,2026-08-21 01:10:11,21,15305
850,2026-08-21 01:11:11,22,15327
851,2026-08-21 01:12:11,20,15347
852,2026-08-21 01:13:11,22,15369
853,2026-08-21 01:14:11,21,15390
854,2026-08-21 01:15:11,20,15410
855,2026-08-21 01:16:11,22,15432
856,2026-08-21 01:17:11,21,15453
857,2026-08-21 01:18:11,21,15474
858,2026-08-21 01:19:11,20,15494
859,2026-08-21 01:20:11,21,15515
860,2026-08-21 01:21:11,21,15536
861,2026-08-21 01:22:11,22,15558
862,2026-08-21 01:23:11,20,15578
863,2026-08-21 01:24:11,19,15597
864,2026-08-21 01:25:11,22,15619
865,2026-08-21 01:26:11,20,15639
866,2026-08-21 01:27:11,22,15661
867,2026-08-21 01:28:11,19,15680
868,2026-08-21 01:29:11,22,15702
869,2026-08-21 01:30:11,20,15722
870,2026-08-21 01:31:11,21,15743
871,2026-08-21 01:32:11,20,15763
872,2026-08-21 01:33:10,20,15783
873,2026-08-21 01:34:10,20,15803
874,2026-08-21 01:35:10,19,15822
875,2026-08-21 01:36:10,22,15844
876,2026-08-21 01:37:10,21,15865
877,2026-08-21 01:38:10,21,15886
878,2026-08-21 01:39:10,19,15905
879,2026-08-21 01:40:10,20,15925
880,2026-08-21 01:41:10,22,15947
881,2026-08-21 01:42:10,22,15969
882,2026-08-21 01:43:10,21,15990
883,2026-08-21 01:44:10,20,16010
884,2026-08-21 01:45:10,21,16031
885,2026-08-21 01:46:10,21,16052
886,2026-08-21 01:47:10,20,16072
887,2026-08-21 01:48:10,19,16091
888,2026-08-21 01:49:10,21,16112
889,2026-08-21 01:50:10,19,16131
890,2026-08-21 01:51:10,19,16150
891,2026-08-21 01:52:10,20,16170
892,2026-08-21 01:53:10,22,16192
893,2026-08-21 01:54:10,17,16209
894,2026-08-21 01:55:10,22,16231
895,2026-08-21 01:56:10,19,16250
896,2026-08-21 01:57:10,20,16270
897,2026-08-21 01:58:10,20,16290
898,2026-08-21 01:59:10,18,16308
899,2026-08-21 02:00:10,21,16329
900,2026-08-21 02:01:10,21,16350
901,2026-08-21 02:02:10,19,16369
902,2026-08-21 02:03:10,21,16390
903,2026-08-21 02:04:10,19,16409
904,2026-08-21 02:05:10,21,16430
905,2026-08-21 02:06:10,21,16451
906,2026-08-21 02:07:10,21,16472
907,2026-08-21 02:08:10,19,16491
908,2026-08-21 02:09:10,21,16512
909,2026-08-21 02:10:10,21,16533
910,2026-08-21 02:11:10,21,16554
911,2026-08-21 02:12:10,18,16572
912,2026-08-21 02:13:10,21,16593
913,2026-08-21 02:14:10,20,16613
914,2026-08-21 02:15:10,21,16634
915,2026-08-21 02:16:10,20,16654
916,2026-08-21 02:17:10,21,16675
917,2026-08-21 02:18:10,20,16695
918,2026-08-21 02:19:10,20,16715
919,2026-08-21 02:20:10,20,16735
920,2026-08-21 02:21:10,20,16755
921,2026-08-21 02:22:10,20,16775
922,2026-08-21 02:23:10,20,16795
923,2026-08-21 02:24:10,20,16815
924,2026-08-21 02:25:10,21,16836
925,2026-08-21 02:26:10,21,16857
926,2026-08-21 02:27:10,19,16876
927,2026-08-21 02:28:10,20,16896
928,2026-08-21 02:29:10,19,16915
929,2026-08-21 02:30:09,21,16936
930,2026-08-21 02:31:09,20,16956
931,2026-08-21 02:32:09,20,16976
932,2026-08-21 02:33:09,21,16997
933,2026-08-21 02:34:09,19,17016
934,2026-08-21 02:35:09,22,17038
935,2026-08-21 02:36:09,19,17057
936,2026-08-21 02:37:09,21,17078
937,2026-08-21 02:38:09,21,17099
938,2026-08-21 02:39:09,18,17117
939,2026-08-21 02:40:09,20,17137
940,2026-08-21 02:41:09,20,17157
941,2026-08-21 02:42:09,20,17177
942,2026-08-21 02:43:09,20,17197
943,2026-08-21 02:44:09,21,17218
944,2026-08-21 02:45:09,21,17239
945,2026-08-21 02:46:09,20,17259
946,2026-08-21 02:47:09,14,17273
947,2026-08-21 02:48:09,18,17291
948,2026-08-21 02:49:09,21,17312
949,2026-08-21 02:50:09,20,17332
950,2026-08-21 02:51:09,20,17352
951,2026-08-21 02:52:09,20,17372
952,2026-08-21 02:53:09,21,17393
953,2026-08-21 02:54:09,20,17413
954,2026-08-21 02:55:09,19,17432
955,2026-08-21 02:56:09,21,17453
956,2026-08-21 02:57:09,21,17474
957,2026-08-21 02:58:09,20,17494
958,2026-08-21 02:59:09,20,17514
959,2026-08-21 03:00:09,21,17535
960,2026-08-21 03:01:09,20,17555
961,2026-08-21 03:02:09,21,17576
962,2026-08-21 03:03:09,22,17598
963,2026-08-21 03:04:09,21,17619
964,2026-08-21 03:05:09,22,17641
965,2026-08-21 03:06:09,18,17659
966,2026-08-21 03:07:09,22,17681
967,2026-08-21 03:08:09,20,17701
968,2026-08-21 03:09:09,21,17722
969,2026-08-21 03:10:09,21,17743
970,2026-08-21 03:11:09,20,17763
971,2026-08-21 03:12:09,20,17783
972,2026-08-21 03:13:09,19,17802
973,2026-08-21 03:14:09,19,17821
974,2026-08-21 03:15:09,20,17841
975,2026-08-21 03:16:09,21,17862
976,2026-08-21 03:17:09,20,17882
977,2026-08-21 03:18:09,19,17901
978,2026-08-21 03:19:09,21,17922
979,2026-08-21 03:20:09,19,17941
980,2026-08-21 03:21:09,21,17962
981,2026-08-21 03:22:09,20,17982
982,2026-08-21 03:23:09,21,18003
983,2026-08-21 03:24:09,21,18024
984,2026-08-21 03:25:09,20,18044
985,2026-08-21 03:26:09,21,18065
986,2026-08-21 03:27:09,20,18085
987,2026-08-21 03:28:09,18,18103
988,2026-08-21 03:29:09,20,18123
989,2026-08-21 03:30:09,20,18143
990,2026-08-21 03:31:09,19,18162
991,2026-08-21 03:32:08,19,18181
992,2026-08-21 03:33:08,22,18203
993,2026-08-21 03:34:08,20,18223
994,2026-08-21 03:35:08,19,18242
995,2026-08-21 03:36:08,19,18261
996,2026-08-21 03:37:08,7,18268
997,2026-08-21 03:38:08,8,18276
998,2026-08-21 03:39:08,13,18289
999,2026-08-21 03:40:08,18,18307
1000,2026-08-21 03:41:08,20,18327
1001,2026-08-21 03:42:08,19,18346
1002,2026-08-21 03:43:08,1,18347
1003,2026-08-21 03:44:08,0,18347
1004,2026-08-21 03:45:08,0,18347
1005,2026-08-21 03:46:08,0,18347
