Measurement_Num,Timestamp,Voltage_mV,Current_mA,Depth_mm
1,2026-08-20 10:49:15,490,4.08,26.0
2,2026-08-20 10:50:16,623,5.19,372.4
3,2026-08-20 10:51:16,623,5.19,372.4
4,2026-08-20 10:52:15,628,5.23,385.4
5,2026-08-20 10:53:15,628,5.23,385.4
6,2026-08-20 10:54:16,627,5.22,382.8
7,2026-08-20 10:55:15,629,5.24,388.0
8,2026-08-20 10:56:15,628,5.23,385.4
9,2026-08-20 10:57:15,722,6.02,630.2
10,2026-08-20 10:58:15,725,6.04,638.0
11,2026-08-20 10:59:15,722,6.02,630.2
12,2026-08-20 11:00:15,721,6.01,627.6
1,2026-08-20 10:49:15,672,5.60,500.0
2,2026-08-20 10:50:15,734,6.12,661.5
3,2026-08-20 10:51:15,736,6.13,666.7
4,2026-08-20 10:52:15,735,6.12,664.1
5,2026-08-20 10:53:15,736,6.13,666.7
6,2026-08-20 10:54:15,735,6.12,664.1
7,2026-08-20 10:56:12,737,6.14,669.3
1,2026-08-20 10:49:15,736,6.13,666.7
2,2026-08-20 10:50:15,735,6.12,664.1
3,2026-08-20 10:51:15,734,6.12,661.5
4,2026-08-20 10:52:15,736,6.13,666.7
5,2026-08-20 10:53:15,736,6.13,666.7
6,2026-08-20 10:54:15,735,6.12,664.1
7,2026-08-20 10:55:15,735,6.12,664.1
8,2026-08-20 10:56:15,734,6.12,661.5
9,2026-08-20 10:57:15,735,6.12,664.1
10,2026-08-20 10:58:15,735,6.12,664.1
11,2026-08-20 10:59:15,736,6.13,666.7
12,2026-08-20 11:00:15,738,6.15,671.9
13,2026-08-20 11:01:15,736,6.13,666.7
14,2026-08-20 11:02:15,738,6.15,671.9
15,2026-08-20 11:03:15,738,6.15,671.9
16,2026-08-20 11:04:15,738,6.15,671.9
17,2026-08-20 11:05:15,736,6.13,666.7
18,2026-08-20 11:06:15,737,6.14,669.3
19,2026-08-20 11:07:15,739,6.16,674.5
20,2026-08-20 11:08:15,737,6.14,669.3
21,2026-08-20 11:09:15,737,6.14,669.3
22,2026-08-20 11:10:15,737,6.14,669.3
23,2026-08-20 11:11:15,739,6.16,674.5
24,2026-08-20 11:12:15,738,6.15,671.9
25,2026-08-20 11:13:15,737,6.14,669.3
26,2026-08-20 11:14:15,739,6.16,674.5
27,2026-08-20 11:15:15,738,6.15,671.9
28,2026-08-20 11:16:15,737,6.14,669.3
29,2026-08-20 11:17:15,741,6.18,679.7
30,2026-08-20 11:18:15,738,6.15,671.9
31,2026-08-20 11:19:15,738,6.15,671.9
32,2026-08-20 11:20:15,740,6.17,677.1
33,2026-08-20 11:21:15,739,6.16,674.5
34,2026-08-20 11:22:15,737,6.14,669.3
35,2026-08-20 11:23:15,737,6.14,669.3
36,2026-08-20 11:24:15,738,6.15,671.9
37,2026-08-20 11:25:14,738,6.15,671.9
38,2026-08-20 11:26:15,739,6.16,674.5
39,2026-08-20 11:27:15,739,6.16,674.5
40,2026-08-20 11:28:14,740,6.17,677.1
41,2026-08-20 11:29:14,740,6.17,677.1
42,2026-08-20 11:30:15,739,6.16,674.5
43,2026-08-20 11:31:14,739,6.16,674.5
44,2026-08-20 11:32:14,739,6.16,674.5
45,2026-08-20 11:33:14,739,6.16,674.5
46,2026-08-20 11:34:14,739,6.16,674.5
47,2026-08-20 11:35:14,739,6.16,674.5
48,2026-08-20 11:36:14,738,6.15,671.9
49,2026-08-20 11:37:14,738,6.15,671.9
50,2026-08-20 11:38:14,740,6.17,677.1
51,2026-08-20 11:39:14,737,6.14,669.3
52,2026-08-20 11:40:14,738,6.15,671.9
53,2026-08-20 11:41:14,741,6.18,679.7
54,2026-08-20 11:42:14,739,6.16,674.5
55,2026-08-20 11:43:14,738,6.15,671.9
56,2026-08-20 11:44:14,738,6.15,671.9
57,2026-08-20 11:45:14,739,6.16,674.5
58,2026-08-20 11:46:14,740,6.17,677.1
59,2026-08-20 11:47:14,739,6.16,674.5
60,2026-08-20 11:48:14,739,6.16,674.5
61,2026-08-20 11:49:14,739,6.16,674.5
62,2026-08-20 11:50:14,739,6.16,674.5
63,2026-08-20 11:51:14,739,6.16,674.5
64,2026-08-20 11:52:14,739,6.16,674.5
65,2026-08-20 11:53:14,738,6.15,671.9
66,2026-08-20 11:54:14,738,6.15,671.9
67,2026-08-20 11:55:14,740,6.17,677.1
68,2026-08-20 11:56:14,739,6.16,674.5
69,2026-08-20 11:57:14,740,6.17,677.1
70,2026-08-20 11:58:14,739,6.16,674.5
71,2026-08-20 11:59:14,739,6.16,674.5
72,2026-08-20 12:00:14,739,6.16,674.5
73,2026-08-20 12:01:14,738,6.15,671.9
74,2026-08-20 12:02:14,739,6.16,674.5
75,2026-08-20 12:03:14,739,6.16,674.5
76,2026-08-20 12:04:14,739,6.16,674.5
77,2026-08-20 12:05:14,738,6.15,671.9
78,2026-08-20 12:06:14,740,6.17,677.1
79,2026-08-20 12:07:14,738,6.15,671.9
80,2026-08-20 12:08:14,739,6.16,674.5
81,2026-08-20 12:09:14,739,6.16,674.5
82,2026-08-20 12:10:14,738,6.15,671.9
83,2026-08-20 12:11:14,738,6.15,671.9
84,2026-08-20 12:12:14,738,6.15,671.9
85,2026-08-20 12:13:14,737,6.14,669.3
86,2026-08-20 12:14:14,738,6.15,671.9
87,2026-08-20 12:15:14,737,6.14,669.3
88,2026-08-20 12:16:14,738,6.15,671.9
89,2026-08-20 12:17:14,737,6.14,669.3
90,2026-08-20 12:18:14,736,6.13,666.7
91,2026-08-20 12:19:14,738,6.15,671.9
92,2026-08-20 12:20:14,736,6.13,666.7
93,2026-08-20 12:21:14,737,6.14,669.3
94,2026-08-20 12:22:13,736,6.13,666.7
95,2026-08-20 12:23:14,736,6.13,666.7
96,2026-08-20 12:24:14,736,6.13,666.7
97,2026-08-20 12:25:13,736,6.13,666.7
98,2026-08-20 12:26:13,736,6.13,666.7
99,2026-08-20 12:27:14,735,6.12,664.1
100,2026-08-20 12:28:13,734,6.12,661.5
101,2026-08-20 12:29:13,736,6.13,666.7
102,2026-08-20 12:30:13,737,6.14,669.3
103,2026-08-20 12:31:13,735,6.12,664.1
104,2026-08-20 12:32:13,737,6.14,669.3
105,2026-08-20 12:33:13,737,6.14,669.3
106,2026-08-20 12:34:13,738,6.15,671.9
107,2026-08-20 12:35:13,736,6.13,666.7
108,2026-08-20 12:36:13,736,6.13,666.7
109,2026-08-20 12:37:13,736,6.13,666.7
110,2026-08-20 12:38:13,737,6.14,669.3
111,2026-08-20 12:39:13,735,6.12,664.1
112,2026-08-20 12:40:13,736,6.13,666.7
113,2026-08-20 12:41:13,736,6.13,666.7
114,2026-08-20 12:42:13,735,6.12,664.1
115,2026-08-20 12:43:13,737,6.14,669.3
116,2026-08-20 12:44:13,737,6.14,669.3
117,2026-08-20 12:45:13,736,6.13,666.7
118,2026-08-20 12:46:13,737,6.14,669.3
119,2026-08-20 12:47:13,736,6.13,666.7
120,2026-08-20 12:48:13,737,6.14,669.3
121,2026-08-20 12:49:13,737,6.14,669.3
122,2026-08-20 12:50:13,737,6.14,669.3
123,2026-08-20 12:51:13,736,6.13,666.7
124,2026-08-20 12:52:13,737,6.14,669.3
125,2026-08-20 12:53:13,736,6.13,666.7
126,2026-08-20 12:54:13,736,6.13,666.7
127,2026-08-20 12:55:13,737,6.14,669.3
128,2026-08-20 12:56:13,736,6.13,666.7
129,2026-08-20 12:57:13,736,6.13,666.7
130,2026-08-20 12:58:13,736,6.13,666.7
131,2026-08-20 12:59:13,736,6.13,666.7
132,2026-08-20 13:00:13,736,6.13,666.7
133,2026-08-20 13:01:13,736,6.13,666.7
134,2026-08-20 13:02:13,735,6.12,664.1
135,2026-08-20 13:03:13,735,6.12,664.1
136,2026-08-20 13:04:13,735,6.12,664.1
137,2026-08-20 13:05:13,735,6.12,664.1
138,2026-08-20 13:06:13,735,6.12,664.1
139,2026-08-20 13:07:13,735,6.12,664.1
140,2026-08-20 13:08:13,734,6.12,661.5
141,2026-08-20 13:09:13,735,6.12,664.1
142,2026-08-20 13:10:13,735,6.12,664.1
143,2026-08-20 13:11:13,734,6.12,661.5
144,2026-08-20 13:12:13,735,6.12,664.1
145,2026-08-20 13:13:13,734,6.12,661.5
146,2026-08-20 13:14:13,735,6.12,664.1
147,2026-08-20 13:15:13,734,6.12,661.5
148,2026-08-20 13:16:13,735,6.12,664.1
149,2026-08-20 13:17:13,735,6.12,664.1
150,2026-08-20 13:18:13,734,6.12,661.5
151,2026-08-20 13:19:12,734,6.12,661.5
152,2026-08-20 13:20:13,735,6.12,664.1
153,2026-08-20 13:21:13,734,6.12,661.5
154,2026-08-20 13:22:12,734,6.12,661.5
155,2026-08-20 13:23:12,735,6.12,664.1
156,2026-08-20 13:24:12,735,6.12,664.1
157,2026-08-20 13:25:12,734,6.12,661.5
158,2026-08-20 13:26:12,734,6.12,661.5
159,2026-08-20 13:27:12,735,6.12,664.1
160,2026-08-20 13:28:12,733,6.11,658.9
161,2026-08-20 13:29:12,734,6.12,661.5
162,2026-08-20 13:30:12,733,6.11,658.9
163,2026-08-20 13:31:12,733,6.11,658.9
164,2026-08-20 13:32:12,733,6.11,658.9
165,2026-08-20 13:33:12,733,6.11,658.9
166,2026-08-20 13:34:12,733,6.11,658.9
167,2026-08-20 13:35:12,733,6.11,658.9
168,2026-08-20 13:36:12,732,6.10,656.2
169,2026-08-20 13:37:12,733,6.11,658.9
170,2026-08-20 13:38:12,733,6.11,658.9
171,2026-08-20 13:39:12,733,6.11,658.9
172,2026-08-20 13:40:12,732,6.10,656.2
173,2026-08-20 13:41:12,732,6.10,656.2
174,2026-08-20 13:42:12,731,6.09,653.6
175,2026-08-20 13:43:12,732,6.10,656.2
176,2026-08-20 13:44:12,732,6.10,656.2
177,2026-08-20 13:45:12,731,6.09,653.6
178,2026-08-20 13:46:12,731,6.09,653.6
179,2026-08-20 13:47:12,733,6.11,658.9
180,2026-08-20 13:48:12,731,6.09,653.6
181,2026-08-20 13:49:12,731,6.09,653.6
182,2026-08-20 13:50:12,731,6.09,653.6
183,2026-08-20 13:51:12,732,6.10,656.2
184,2026-08-20 13:52:12,731,6.09,653.6
185,2026-08-20 13:53:12,732,6.10,656.2
186,2026-08-20 13:54:12,731,6.09,653.6
187,2026-08-20 13:55:12,731,6.09,653.6
188,2026-08-20 13:56:12,730,6.08,651.0
189,2026-08-20 13:57:12,730,6.08,651.0
190,2026-08-20 13:58:12,732,6.10,656.2
191,2026-08-20 13:59:12,731,6.09,653.6
192,2026-08-20 14:00:12,731,6.09,653.6
193,2026-08-20 14:01:12,731,6.09,653.6
194,2026-08-20 14:02:12,731,6.09,653.6
195,2026-08-20 14:03:12,731,6.09,653.6
196,2026-08-20 14:04:12,732,6.10,656.2
197,2026-08-20 14:05:12,731,6.09,653.6
198,2026-08-20 14:06:12,731,6.09,653.6
199,2026-08-20 14:07:12,731,6.09,653.6
200,2026-08-20 14:08:12,732,6.10,656.2
201,2026-08-20 14:09:12,731,6.09,653.6
202,2026-08-20 14:10:12,731,6.09,653.6
203,2026-08-20 14:11:12,731,6.09,653.6
204,2026-08-20 14:12:12,731,6.09,653.6
205,2026-08-20 14:13:11,732,6.10,656.2
206,2026-08-20 14:14:12,731,6.09,653.6
207,2026-08-20 14:15:12,731,6.09,653.6
208,2026-08-20 14:16:11,731,6.09,653.6
209,2026-08-20 14:17:11,731,6.09,653.6
210,2026-08-20 14:18:12,732,6.10,656.2
211,2026-08-20 14:19:11,731,6.09,653.6
212,2026-08-20 14:20:11,730,6.08,651.0
213,2026-08-20 14:21:11,731,6.09,653.6
214,2026-08-20 14:22:11,732,6.10,656.2
215,2026-08-20 14:23:11,731,6.09,653.6
216,2026-08-20 14:24:11,731,6.09,653.6
217,2026-08-20 14:25:11,730,6.08,651.0
218,2026-08-20 14:26:11,731,6.09,653.6
219,2026-08-20 14:27:11,731,6.09,653.6
220,2026-08-20 14:28:11,730,6.08,651.0
221,2026-08-20 14:29:11,731,6.09,653.6
222,2026-08-20 14:30:11,730,6.08,651.0
223,2026-08-20 14:31:11,731,6.09,653.6
224,2026-08-20 14:32:11,730,6.08,651.0
225,2026-08-20 14:33:11,731,6.09,653.6
226,2026-08-20 14:34:11,730,6.08,651.0
227,2026-08-20 14:35:11,731,6.09,653.6
228,2026-08-20 14:36:11,729,6.07,648.4
229,2026-08-20 14:37:11,731,6.09,653.6
230,2026-08-20 14:38:11,729,6.07,648.4
231,2026-08-20 14:39:11,731,6.09,653.6
232,2026-08-20 14:40:11,731,6.09,653.6
233,2026-08-20 14:41:11,729,6.07,648.4
234,2026-08-20 14:42:11,730,6.08,651.0
235,2026-08-20 14:43:11,730,6.08,651.0
236,2026-08-20 14:44:11,730,6.08,651.0
237,2026-08-20 14:45:11,730,6.08,651.0
238,2026-08-20 14:46:11,731,6.09,653.6
239,2026-08-20 14:47:11,731,6.09,653.6
240,2026-08-20 14:48:11,730,6.08,651.0
241,2026-08-20 14:49:11,731,6.09,653.6
242,2026-08-20 14:50:11,730,6.08,651.0
243,2026-08-20 14:51:11,730,6.08,651.0
244,2026-08-20 14:52:11,731,6.09,653.6
245,2026-08-20 14:53:11,730,6.08,651.0
246,2026-08-20 14:54:11,730,6.08,651.0
247,2026-08-20 14:55:11,732,6.10,656.2
248,2026-08-20 14:56:11,732,6.10,656.2
249,2026-08-20 14:57:11,731,6.09,653.6
250,2026-08-20 14:58:11,732,6.10,656.2
251,2026-08-20 14:59:11,732,6.10,656.2
252,2026-08-20 15:00:11,731,6.09,653.6
253,2026-08-20 15:01:11,731,6.09,653.6
254,2026-08-20 15:02:11,731,6.09,653.6
255,2026-08-20 15:03:11,732,6.10,656.2
256,2026-08-20 15:04:11,732,6.10,656.2
257,2026-08-20 15:05:11,732,6.10,656.2
258,2026-08-20 15:06:11,732,6.10,656.2
259,2026-08-20 15:07:11,733,6.11,658.9
260,2026-08-20 15:08:11,732,6.10,656.2
261,2026-08-20 15:09:11,732,6.10,656.2
262,2026-08-20 15:10:10,732,6.10,656.2
263,2026-08-20 15:11:11,733,6.11,658.9
264,2026-08-20 15:12:11,733,6.11,658.9
265,2026-08-20 15:13:10,733,6.11,658.9
266,2026-08-20 15:14:10,733,6.11,658.9
267,2026-08-20 15:15:11,732,6.10,656.2
268,2026-08-20 15:16:10,733,6.11,658.9
269,2026-08-20 15:17:10,733,6.11,658.9
270,2026-08-20 15:18:10,733,6.11,658.9
271,2026-08-20 15:19:10,733,6.11,658.9
272,2026-08-20 15:20:10,734,6.12,661.5
273,2026-08-20 15:21:10,734,6.12,661.5
274,2026-08-20 15:22:10,734,6.12,661.5
275,2026-08-20 15:23:10,734,6.12,661.5
276,2026-08-20 15:24:10,734,6.12,661.5
277,2026-08-20 15:25:10,735,6.12,664.1
278,2026-08-20 15:26:10,735,6.12,664.1
279,2026-08-20 15:27:10,734,6.12,661.5
280,2026-08-20 15:28:10,736,6.13,666.7
281,2026-08-20 15:29:10,736,6.13,666.7
282,2026-08-20 15:30:10,736,6.13,666.7
283,2026-08-20 15:31:10,737,6.14,669.3
284,2026-08-20 15:32:10,737,6.14,669.3
285,2026-08-20 15:33:10,737,6.14,669.3
286,2026-08-20 15:34:10,737,6.14,669.3
287,2026-08-20 15:35:10,736,6.13,666.7
288,2026-08-20 15:36:10,736,6.13,666.7
289,2026-08-20 15:37:10,735,6.12,664.1
290,2026-08-20 15:38:10,735,6.12,664.1
291,2026-08-20 15:39:10,735,6.12,664.1
292,2026-08-20 15:40:10,735,6.12,664.1
293,2026-08-20 15:41:10,734,6.12,661.5
294,2026-08-20 15:42:10,735,6.12,664.1
295,2026-08-20 15:43:10,735,6.12,664.1
296,2026-08-20 15:44:10,734,6.12,661.5
297,2026-08-20 15:45:10,735,6.12,664.1
298,2026-08-20 15:46:10,734,6.12,661.5
299,2026-08-20 15:47:10,734,6.12,661.5
300,2026-08-20 15:48:10,734,6.12,661.5
301,2026-08-20 15:49:10,734,6.12,661.5
302,2026-08-20 15:50:10,734,6.12,661.5
303,2026-08-20 15:51:10,734,6.12,661.5
304,2026-08-20 15:52:10,734,6.12,661.5
305,2026-08-20 15:53:10,735,6.12,664.1
306,2026-08-20 15:54:10,734,6.12,661.5
307,2026-08-20 15:55:10,734,6.12,661.5
308,2026-08-20 15:56:10,734,6.12,661.5
309,2026-08-20 15:57:10,734,6.12,661.5
310,2026-08-20 15:58:10,734,6.12,661.5
311,2026-08-20 15:59:10,734,6.12,661.5
312,2026-08-20 16:00:10,734,6.12,661.5
313,2026-08-20 16:01:10,735,6.12,664.1
314,2026-08-20 16:02:10,735,6.12,664.1
315,2026-08-20 16:03:10,735,6.12,664.1
316,2026-08-20 16:04:10,734,6.12,661.5
317,2026-08-20 16:05:10,735,6.12,664.1
318,2026-08-20 16:06:10,734,6.12,661.5
319,2026-08-20 16:07:09,735,6.12,664.1
320,2026-08-20 16:08:10,734,6.12,661.5
321,2026-08-20 16:09:10,734,6.12,661.5
322,2026-08-20 16:10:09,734,6.12,661.5
323,2026-08-20 16:11:09,734,6.12,661.5
324,2026-08-20 16:12:10,734,6.12,661.5
325,2026-08-20 16:13:09,734,6.12,661.5
326,2026-08-20 16:14:09,734,6.12,661.5
327,2026-08-20 16:15:09,735,6.12,664.1
328,2026-08-20 16:16:09,734,6.12,661.5
329,2026-08-20 16:17:09,734,6.12,661.5
330,2026-08-20 16:18:09,734,6.12,661.5
331,2026-08-20 16:19:09,734,6.12,661.5
332,2026-08-20 16:20:09,733,6.11,658.9
333,2026-08-20 16:21:09,733,6.11,658.9
334,2026-08-20 16:22:09,733,6.11,658.9
335,2026-08-20 16:23:09,733,6.11,658.9
336,2026-08-20 16:24:09,734,6.12,661.5
337,2026-08-20 16:25:09,733,6.11,658.9
338,2026-08-20 16:26:09,733,6.11,658.9
339,2026-08-20 16:27:09,733,6.11,658.9
340,2026-08-20 16:28:09,732,6.10,656.2
341,2026-08-20 16:29:09,733,6.11,658.9
342,2026-08-20 16:30:09,733,6.11,658.9
343,2026-08-20 16:31:09,733,6.11,658.9
344,2026-08-20 16:32:09,733,6.11,658.9
345,2026-08-20 16:33:09,733,6.11,658.9
346,2026-08-20 16:34:09,732,6.10,656.2
347,2026-08-20 16:35:09,732,6.10,656.2
348,2026-08-20 16:36:09,732,6.10,656.2
349,2026-08-20 16:37:09,732,6.10,656.2
350,2026-08-20 16:38:09,733,6.11,658.9
351,2026-08-20 16:39:09,733,6.11,658.9
352,2026-08-20 16:40:09,732,6.10,656.2
353,2026-08-20 16:41:09,732,6.10,656.2
354,2026-08-20 16:42:09,732,6.10,656.2
355,2026-08-20 16:43:09,732,6.10,656.2
356,2026-08-20 16:44:09,732,6.10,656.2
357,2026-08-20 16:45:09,732,6.10,656.2
358,2026-08-20 16:46:09,732,6.10,656.2
359,2026-08-20 16:47:09,732,6.10,656.2
360,2026-08-20 16:48:09,732,6.10,656.2
361,2026-08-20 16:49:09,731,6.09,653.6
362,2026-08-20 16:50:09,732,6.10,656.2
363,2026-08-20 16:51:09,732,6.10,656.2
364,2026-08-20 16:52:09,732,6.10,656.2
365,2026-08-20 16:53:09,732,6.10,656.2
366,2026-08-20 16:54:09,732,6.10,656.2
367,2026-08-20 16:55:09,732,6.10,656.2
368,2026-08-20 16:56:09,732,6.10,656.2
369,2026-08-20 16:57:09,732,6.10,656.2
370,2026-08-20 16:58:09,732,6.10,656.2
371,2026-08-20 16:59:09,731,6.09,653.6
372,2026-08-20 17:00:09,732,6.10,656.2
373,2026-08-20 17:01:09,732,6.10,656.2
374,2026-08-20 17:02:09,732,6.10,656.2
375,2026-08-20 17:03:09,731,6.09,653.6
376,2026-08-20 17:04:09,730,6.08,651.0
377,2026-08-20 17:05:08,731,6.09,653.6
378,2026-08-20 17:06:09,732,6.10,656.2
379,2026-08-20 17:07:09,731,6.09,653.6
380,2026-08-20 17:08:08,731,6.09,653.6
381,2026-08-20 17:09:08,731,6.09,653.6
382,2026-08-20 17:10:09,731,6.09,653.6
383,2026-08-20 17:11:08,731,6.09,653.6
384,2026-08-20 17:12:08,731,6.09,653.6
385,2026-08-20 17:13:08,730,6.08,651.0
386,2026-08-20 17:14:08,731,6.09,653.6
387,2026-08-20 17:15:08,731,6.09,653.6
388,2026-08-20 17:16:08,730,6.08,651.0
389,2026-08-20 17:17:08,730,6.08,651.0
390,2026-08-20 17:18:08,730,6.08,651.0
391,2026-08-20 17:19:08,730,6.08,651.0
392,2026-08-20 17:20:08,731,6.09,653.6
393,2026-08-20 17:21:08,731,6.09,653.6
394,2026-08-20 17:22:08,730,6.08,651.0
395,2026-08-20 17:23:08,731,6.09,653.6
396,2026-08-20 17:24:08,731,6.09,653.6
397,2026-08-20 17:25:08,731,6.09,653.6
398,2026-08-20 17:26:08,731,6.09,653.6
399,2026-08-20 17:27:08,731,6.09,653.6
400,2026-08-20 17:28:08,732,6.10,656.2
401,2026-08-20 17:29:08,731,6.09,653.6
402,2026-08-20 17:30:08,731,6.09,653.6
403,2026-08-20 17:31:08,732,6.10,656.2
404,2026-08-20 17:32:08,731,6.09,653.6
405,2026-08-20 17:33:08,732,6.10,656.2
406,2026-08-20 17:34:08,730,6.08,651.0
407,2026-08-20 17:35:08,731,6.09,653.6
408,2026-08-20 17:36:08,732,6.10,656.2
409,2026-08-20 17:37:08,732,6.10,656.2
410,2026-08-20 17:38:08,731,6.09,653.6
411,2026-08-20 17:39:08,732,6.10,656.2
412,2026-08-20 17:40:08,730,6.08,651.0
413,2026-08-20 17:41:08,731,6.09,653.6
414,2026-08-20 17:42:08,732,6.10,656.2
415,2026-08-20 17:43:08,731,6.09,653.6
416,2026-08-20 17:44:08,732,6.10,656.2
417,2026-08-20 17:45:08,732,6.10,656.2
418,2026-08-20 17:46:08,732,6.10,656.2
419,2026-08-20 17:47:08,731,6.09,653.6
420,2026-08-20 17:48:08,732,6.10,656.2
421,2026-08-20 17:49:08,732,6.10,656.2
422,2026-08-20 17:50:08,732,6.10,656.2
423,2026-08-20 17:51:08,732,6.10,656.2
424,2026-08-20 17:52:08,733,6.11,658.9
425,2026-08-20 17:53:08,733,6.11,658.9
426,2026-08-20 17:54:08,732,6.10,656.2
427,2026-08-20 17:55:08,732,6.10,656.2
428,2026-08-20 17:56:08,733,6.11,658.9
429,2026-08-20 17:57:08,732,6.10,656.2
430,2026-08-20 17:58:08,733,6.11,658.9
431,2026-08-20 17:59:08,734,6.12,661.5
432,2026-08-20 18:00:08,733,6.11,658.9
433,2026-08-20 18:01:07,733,6.11,658.9
434,2026-08-20 18:02:08,734,6.12,661.5
435,2026-08-20 18:03:08,733,6.11,658.9
436,2026-08-20 18:04:07,733,6.11,658.9
437,2026-08-20 18:05:07,733,6.11,658.9
438,2026-08-20 18:06:08,734,6.12,661.5
439,2026-08-20 18:07:07,733,6.11,658.9
440,2026-08-20 18:08:08,733,6.11,658.9
441,2026-08-20 18:09:07,733,6.11,658.9
442,2026-08-20 18:10:07,733,6.11,658.9
443,2026-08-20 18:11:07,733,6.11,658.9
444,2026-08-20 18:12:07,733,6.11,658.9
445,2026-08-20 18:13:07,734,6.12,661.5
446,2026-08-20 18:14:07,734,6.12,661.5
447,2026-08-20 18:15:07,734,6.12,661.5
448,2026-08-20 18:16:07,734,6.12,661.5
449,2026-08-20 18:17:07,733,6.11,658.9
450,2026-08-20 18:18:07,733,6.11,658.9
451,2026-08-20 18:19:07,735,6.12,664.1
452,2026-08-20 18:20:07,734,6.12,661.5
453,2026-08-20 18:21:07,734,6.12,661.5
454,2026-08-20 18:22:07,734,6.12,661.5
455,2026-08-20 18:23:07,734,6.12,661.5
456,2026-08-20 18:24:07,735,6.12,664.1
457,2026-08-20 18:25:07,735,6.12,664.1
458,2026-08-20 18:26:07,735,6.12,664.1
459,2026-08-20 18:27:07,734,6.12,661.5
460,2026-08-20 18:28:07,734,6.12,661.5
461,2026-08-20 18:29:07,734,6.12,661.5
462,2026-08-20 18:30:07,734,6.12,661.5
463,2026-08-20 18:31:07,734,6.12,661.5
464,2026-08-20 18:32:07,735,6.12,664.1
465,2026-08-20 18:33:07,734,6.12,661.5
466,2026-08-20 18:34:07,735,6.12,664.1
467,2026-08-20 18:35:07,735,6.12,664.1
468,2026-08-20 18:36:07,734,6.12,661.5
469,2026-08-20 18:37:07,734,6.12,661.5
470,2026-08-20 18:38:07,735,6.12,664.1
471,2026-08-20 18:39:07,735,6.12,664.1
472,2026-08-20 18:40:07,735,6.12,664.1
473,2026-08-20 18:41:07,734,6.12,661.5
474,2026-08-20 18:42:07,735,6.12,664.1
475,2026-08-20 18:43:07,735,6.12,664.1
476,2026-08-20 18:44:07,735,6.12,664.1
477,2026-08-20 18:45:07,736,6.13,666.7
478,2026-08-20 18:46:07,736,6.13,666.7
479,2026-08-20 18:47:07,736,6.13,666.7
480,2026-08-20 18:48:07,735,6.12,664.1
481,2026-08-20 18:49:07,735,6.12,664.1
482,2026-08-20 18:50:07,736,6.13,666.7
483,2026-08-20 18:51:07,736,6.13,666.7
484,2026-08-20 18:52:07,736,6.13,666.7
485,2026-08-20 18:53:07,737,6.14,669.3
486,2026-08-20 18:54:07,737,6.14,669.3
487,2026-08-20 18:55:07,736,6.13,666.7
488,2026-08-20 18:56:07,736,6.13,666.7
489,2026-08-20 18:57:07,737,6.14,669.3
490,2026-08-20 18:58:07,736,6.13,666.7
491,2026-08-20 18:59:06,737,6.14,669.3
492,2026-08-20 19:00:07,736,6.13,666.7
493,2026-08-20 19:01:07,735,6.12,664.1
494,2026-08-20 19:02:06,736,6.13,666.7
495,2026-08-20 19:03:06,736,6.13,666.7
496,2026-08-20 19:04:07,735,6.12,664.1
497,2026-08-20 19:05:06,735,6.12,664.1
498,2026-08-20 19:06:06,735,6.12,664.1
499,2026-08-20 19:07:06,735,6.12,664.1
500,2026-08-20 19:08:06,735,6.12,664.1
501,2026-08-20 19:09:06,735,6.12,664.1
502,2026-08-20 19:10:06,734,6.12,661.5
503,2026-08-20 19:11:06,735,6.12,664.1
504,2026-08-20 19:12:06,735,6.12,664.1
505,2026-08-20 19:13:06,735,6.12,664.1
506,2026-08-20 19:14:06,735,6.12,664.1
507,2026-08-20 19:15:06,734,6.12,661.5
508,2026-08-20 19:16:06,735,6.12,664.1
509,2026-08-20 19:17:06,735,6.12,664.1
510,2026-08-20 19:18:06,735,6.12,664.1
511,2026-08-20 19:19:06,736,6.13,666.7
512,2026-08-20 19:20:06,735,6.12,664.1
513,2026-08-20 19:21:06,735,6.12,664.1
514,2026-08-20 19:22:06,735,6.12,664.1
515,2026-08-20 19:23:06,735,6.12,664.1
516,2026-08-20 19:24:06,735,6.12,664.1
517,2026-08-20 19:25:06,734,6.12,661.5
518,2026-08-20 19:26:06,736,6.13,666.7
519,2026-08-20 19:27:06,735,6.12,664.1
520,2026-08-20 19:28:06,736,6.13,666.7
521,2026-08-20 19:29:06,736,6.13,666.7
522,2026-08-20 19:30:06,735,6.12,664.1
523,2026-08-20 19:31:06,735,6.12,664.1
524,2026-08-20 19:32:06,736,6.13,666.7
525,2026-08-20 19:33:06,737,6.14,669.3
526,2026-08-20 19:34:06,736,6.13,666.7
527,2026-08-20 19:35:06,736,6.13,666.7
528,2026-08-20 19:36:06,736,6.13,666.7
529,2026-08-20 19:37:06,736,6.13,666.7
530,2026-08-20 19:38:06,736,6.13,666.7
531,2026-08-20 19:39:06,736,6.13,666.7
532,2026-08-20 19:40:06,736,6.13,666.7
533,2026-08-20 19:41:06,735,6.12,664.1
534,2026-08-20 19:42:06,736,6.13,666.7
535,2026-08-20 19:43:06,737,6.14,669.3
536,2026-08-20 19:44:06,737,6.14,669.3
537,2026-08-20 19:45:06,737,6.14,669.3
538,2026-08-20 19:46:06,737,6.14,669.3
539,2026-08-20 19:47:06,737,6.14,669.3
540,2026-08-20 19:48:06,737,6.14,669.3
541,2026-08-20 19:49:06,737,6.14,669.3
542,2026-08-20 19:50:06,737,6.14,669.3
543,2026-08-20 19:51:06,737,6.14,669.3
544,2026-08-20 19:52:06,738,6.15,671.9
545,2026-08-20 19:53:06,737,6.14,669.3
546,2026-08-20 19:54:06,737,6.14,669.3
547,2026-08-20 19:55:06,738,6.15,671.9
548,2026-08-20 19:56:06,737,6.14,669.3
549,2026-08-20 19:57:06,738,6.15,671.9
550,2026-08-20 19:58:06,738,6.15,671.9
551,2026-08-20 19:59:06,738,6.15,671.9
552,2026-08-20 20:00:05,738,6.15,671.9
553,2026-08-20 20:01:05,738,6.15,671.9
554,2026-08-20 20:02:06,738,6.15,671.9
555,2026-08-20 20:03:05,738,6.15,671.9
556,2026-08-20 20:04:05,738,6.15,671.9
557,2026-08-20 20:05:05,737,6.14,669.3
558,2026-08-20 20:06:05,738,6.15,671.9
559,2026-08-20 20:07:05,738,6.15,671.9
560,2026-08-20 20:08:05,737,6.14,669.3
561,2026-08-20 20:09:05,738,6.15,671.9
562,2026-08-20 20:10:05,738,6.15,671.9
563,2026-08-20 20:11:05,738,6.15,671.9
564,2026-08-20 20:12:05,738,6.15,671.9
565,2026-08-20 20:13:05,737,6.14,669.3
566,2026-08-20 20:14:05,737,6.14,669.3
567,2026-08-20 20:15:05,737,6.14,669.3
568,2026-08-20 20:16:05,738,6.15,671.9
569,2026-08-20 20:17:05,738,6.15,671.9
570,2026-08-20 20:18:05,737,6.14,669.3
571,2026-08-20 20:19:05,737,6.14,669.3
572,2026-08-20 20:20:05,737,6.14,669.3
573,2026-08-20 20:21:05,737,6.14,669.3
574,2026-08-20 20:22:05,737,6.14,669.3
575,2026-08-20 20:23:05,737,6.14,669.3
576,2026-08-20 20:24:05,738,6.15,671.9
577,2026-08-20 20:25:05,737,6.14,669.3
578,2026-08-20 20:26:05,736,6.13,666.7
579,2026-08-20 20:27:05,736,6.13,666.7
580,2026-08-20 20:28:05,735,6.12,664.1
581,2026-08-20 20:29:05,737,6.14,669.3
582,2026-08-20 20:30:05,736,6.13,666.7
583,2026-08-20 20:31:05,735,6.12,664.1
584,2026-08-20 20:32:05,736,6.13,666.7
585,2026-08-20 20:33:05,735,6.12,664.1
586,2026-08-20 20:34:05,736,6.13,666.7
587,2026-08-20 20:35:05,736,6.13,666.7
588,2026-08-20 20:36:05,736,6.13,666.7
589,2026-08-20 20:37:05,735,6.12,664.1
590,2026-08-20 20:38:05,735,6.12,664.1
591,2026-08-20 20:39:05,735,6.12,664.1
592,2026-08-20 20:40:05,736,6.13,666.7
593,2026-08-20 20:41:05,735,6.12,664.1
594,2026-08-20 20:42:05,736,6.13,666.7
595,2026-08-20 20:43:05,735,6.12,664.1
596,2026-08-20 20:44:05,735,6.12,664.1
597,2026-08-20 20:45:05,735,6.12,664.1
598,2026-08-20 20:46:05,735,6.12,664.1
599,2026-08-20 20:47:05,734,6.12,661.5
600,2026-08-20 20:48:05,735,6.12,664.1
601,2026-08-20 20:49:05,734,6.12,661.5
602,2026-08-20 20:50:05,734,6.12,661.5
603,2026-08-20 20:51:05,734,6.12,661.5
604,2026-08-20 20:52:05,734,6.12,661.5
605,2026-08-20 20:53:05,733,6.11,658.9
606,2026-08-20 20:54:05,734,6.12,661.5
607,2026-08-20 20:55:05,734,6.12,661.5
608,2026-08-20 20:56:04,733,6.11,658.9
609,2026-08-20 20:57:05,734,6.12,661.5
610,2026-08-20 20:58:05,734,6.12,661.5
611,2026-08-20 20:59:04,733,6.11,658.9
612,2026-08-20 21:00:04,733,6.11,658.9
613,2026-08-20 21:01:05,734,6.12,661.5
614,2026-08-20 21:02:04,734,6.12,661.5
615,2026-08-20 21:03:04,733,6.11,658.9
616,2026-08-20 21:04:04,733,6.11,658.9
617,2026-08-20 21:05:04,734,6.12,661.5
618,2026-08-20 21:06:04,734,6.12,661.5
619,2026-08-20 21:07:04,732,6.10,656.2
620,2026-08-20 21:08:04,733,6.11,658.9
621,2026-08-20 21:09:04,732,6.10,656.2
622,2026-08-20 21:10:04,733,6.11,658.9
623,2026-08-20 21:11:04,733,6.11,658.9
624,2026-08-20 21:12:04,732,6.10,656.2
625,2026-08-20 21:13:04,732,6.10,656.2
626,2026-08-20 21:14:04,732,6.10,656.2
627,2026-08-20 21:15:04,733,6.11,658.9
628,2026-08-20 21:16:04,732,6.10,656.2
629,2026-08-20 21:17:04,732,6.10,656.2
630,2026-08-20 21:18:04,732,6.10,656.2
631,2026-08-20 21:19:04,732,6.10,656.2
632,2026-08-20 21:20:04,732,6.10,656.2
633,2026-08-20 21:21:04,731,6.09,653.6
634,2026-08-20 21:22:04,732,6.10,656.2
635,2026-08-20 21:23:04,731,6.09,653.6
636,2026-08-20 21:24:04,732,6.10,656.2
637,2026-08-20 21:25:04,732,6.10,656.2
638,2026-08-20 21:26:04,732,6.10,656.2
639,2026-08-20 21:27:04,732,6.10,656.2
640,2026-08-20 21:28:04,732,6.10,656.2
641,2026-08-20 21:29:04,732,6.10,656.2
642,2026-08-20 21:30:04,732,6.10,656.2
643,2026-08-20 21:31:04,732,6.10,656.2
644,2026-08-20 21:32:04,731,6.09,653.6
645,2026-08-20 21:33:04,732,6.10,656.2
646,2026-08-20 21:34:04,732,6.10,656.2
647,2026-08-20 21:35:04,732,6.10,656.2
648,2026-08-20 21:36:04,732,6.10,656.2
649,2026-08-20 21:37:04,732,6.10,656.2
650,2026-08-20 21:38:04,732,6.10,656.2
651,2026-08-20 21:39:04,732,6.10,656.2
652,2026-08-20 21:40:04,732,6.10,656.2
653,2026-08-20 21:41:04,732,6.10,656.2
654,2026-08-20 21:42:04,733,6.11,658.9
655,2026-08-20 21:43:04,732,6.10,656.2
656,2026-08-20 21:44:04,732,6.10,656.2
657,2026-08-20 21:45:04,732,6.10,656.2
658,2026-08-20 21:46:04,732,6.10,656.2
659,2026-08-20 21:47:04,732,6.10,656.2
660,2026-08-20 21:48:04,732,6.10,656.2
661,2026-08-20 21:49:04,733,6.11,658.9
662,2026-08-20 21:50:04,733,6.11,658.9
663,2026-08-20 21:51:04,733,6.11,658.9
664,2026-08-20 21:52:03,733,6.11,658.9
665,2026-08-20 21:53:04,734,6.12,661.5
666,2026-08-20 21:54:04,733,6.11,658.9
667,2026-08-20 21:55:03,733,6.11,658.9
668,2026-08-20 21:56:03,733,6.11,658.9
669,2026-08-20 21:57:04,733,6.11,658.9
670,2026-08-20 21:58:03,732,6.10,656.2
671,2026-08-20 21:59:03,732,6.10,656.2
672,2026-08-20 22:00:03,733,6.11,658.9
673,2026-08-20 22:01:03,732,6.10,656.2
674,2026-08-20 22:02:03,733,6.11,658.9
675,2026-08-20 22:03:03,732,6.10,656.2
676,2026-08-20 22:04:03,733,6.11,658.9
677,2026-08-20 22:05:03,732,6.10,656.2
678,2026-08-20 22:06:03,732,6.10,656.2
679,2026-08-20 22:07:03,732,6.10,656.2
680,2026-08-20 22:08:03,733,6.11,658.9
681,2026-08-20 22:09:03,733,6.11,658.9
682,2026-08-20 22:10:03,732,6.10,656.2
683,2026-08-20 22:11:03,733,6.11,658.9
684,2026-08-20 22:12:03,731,6.09,653.6
685,2026-08-20 22:13:03,732,6.10,656.2
686,2026-08-20 22:14:03,733,6.11,658.9
687,2026-08-20 22:15:03,732,6.10,656.2
688,2026-08-20 22:16:03,732,6.10,656.2
689,2026-08-20 22:17:03,732,6.10,656.2
690,2026-08-20 22:18:03,732,6.10,656.2
691,2026-08-20 22:19:03,733,6.11,658.9
692,2026-08-20 22:20:03,732,6.10,656.2
693,2026-08-20 22:21:03,732,6.10,656.2
694,2026-08-20 22:22:03,733,6.11,658.9
695,2026-08-20 22:23:03,733,6.11,658.9
696,2026-08-20 22:24:03,733,6.11,658.9
697,2026-08-20 22:25:03,733,6.11,658.9
698,2026-08-20 22:26:03,732,6.10,656.2
699,2026-08-20 22:27:03,733,6.11,658.9
700,2026-08-20 22:28:03,733,6.11,658.9
701,2026-08-20 22:29:03,732,6.10,656.2
702,2026-08-20 22:30:03,733,6.11,658.9
703,2026-08-20 22:31:03,733,6.11,658.9
704,2026-08-20 22:32:03,732,6.10,656.2
705,2026-08-20 22:33:03,732,6.10,656.2
706,2026-08-20 22:34:03,732,6.10,656.2
707,2026-08-20 22:35:03,733,6.11,658.9
708,2026-08-20 22:36:03,733,6.11,658.9
709,2026-08-20 22:37:03,733,6.11,658.9
710,2026-08-20 22:38:03,734,6.12,661.5
711,2026-08-20 22:39:03,734,6.12,661.5
712,2026-08-20 22:40:03,733,6.11,658.9
713,2026-08-20 22:41:03,733,6.11,658.9
714,2026-08-20 22:42:03,733,6.11,658.9
715,2026-08-20 22:43:03,734,6.12,661.5
716,2026-08-20 22:44:03,734,6.12,661.5
717,2026-08-20 22:45:03,733,6.11,658.9
718,2026-08-20 22:46:03,734,6.12,661.5
719,2026-08-20 22:47:03,734,6.12,661.5
720,2026-08-20 22:48:03,734,6.12,661.5
721,2026-08-20 22:49:02,733,6.11,658.9
722,2026-08-20 22:50:03,734,6.12,661.5
723,2026-08-20 22:51:03,733,6.11,658.9
724,2026-08-20 22:52:02,732,6.10,656.2
725,2026-08-20 22:53:02,732,6.10,656.2
726,2026-08-20 22:54:03,733,6.11,658.9
727,2026-08-20 22:55:02,733,6.11,658.9
728,2026-08-20 22:56:02,732,6.10,656.2
729,2026-08-20 22:57:02,733,6.11,658.9
730,2026-08-20 22:58:02,733,6.11,658.9
731,2026-08-20 22:59:02,734,6.12,661.5
732,2026-08-20 23:00:02,732,6.10,656.2
733,2026-08-20 23:01:02,733,6.11,658.9
734,2026-08-20 23:02:02,733,6.11,658.9
735,2026-08-20 23:03:02,732,6.10,656.2
736,2026-08-20 23:04:02,732,6.10,656.2
737,2026-08-20 23:05:02,732,6.10,656.2
738,2026-08-20 23:06:02,733,6.11,658.9
739,2026-08-20 23:07:02,732,6.10,656.2
740,2026-08-20 23:08:02,733,6.11,658.9
741,2026-08-20 23:09:02,733,6.11,658.9
742,2026-08-20 23:10:02,732,6.10,656.2
743,2026-08-20 23:11:02,733,6.11,658.9
744,2026-08-20 23:12:02,733,6.11,658.9
745,2026-08-20 23:13:02,732,6.10,656.2
746,2026-08-20 23:14:02,732,6.10,656.2
747,2026-08-20 23:15:02,733,6.11,658.9
748,2026-08-20 23:16:02,733,6.11,658.9
749,2026-08-20 23:17:02,732,6.10,656.2
750,2026-08-20 23:18:02,733,6.11,658.9
751,2026-08-20 23:19:02,732,6.10,656.2
752,2026-08-20 23:20:02,732,6.10,656.2
753,2026-08-20 23:21:02,732,6.10,656.2
754,2026-08-20 23:22:02,732,6.10,656.2
755,2026-08-20 23:23:02,733,6.11,658.9
756,2026-08-20 23:24:02,732,6.10,656.2
757,2026-08-20 23:25:02,733,6.11,658.9
758,2026-08-20 23:26:02,732,6.10,656.2
759,2026-08-20 23:27:02,732,6.10,656.2
760,2026-08-20 23:28:02,732,6.10,656.2
761,2026-08-20 23:29:02,732,6.10,656.2
762,2026-08-20 23:30:02,732,6.10,656.2
763,2026-08-20 23:31:02,732,6.10,656.2
764,2026-08-20 23:32:02,732,6.10,656.2
765,2026-08-20 23:33:02,733,6.11,658.9
766,2026-08-20 23:34:02,732,6.10,656.2
767,2026-08-20 23:35:02,732,6.10,656.2
768,2026-08-20 23:36:02,733,6.11,658.9
769,2026-08-20 23:37:02,732,6.10,656.2
770,2026-08-20 23:38:02,732,6.10,656.2
771,2026-08-20 23:39:02,731,6.09,653.6
772,2026-08-20 23:40:02,731,6.09,653.6
773,2026-08-20 23:41:02,732,6.10,656.2
774,2026-08-20 23:42:02,731,6.09,653.6
775,2026-08-20 23:43:02,731,6.09,653.6
776,2026-08-20 23:44:02,732,6.10,656.2
777,2026-08-20 23:45:02,731,6.09,653.6
778,2026-08-20 23:46:02,732,6.10,656.2
779,2026-08-20 23:47:02,731,6.09,653.6
780,2026-08-20 23:48:01,731,6.09,653.6
781,2026-08-20 23:49:02,731,6.09,653.6
782,2026-08-20 23:50:02,731,6.09,653.6
783,2026-08-20 23:51:01,731,6.09,653.6
784,2026-08-20 23:52:01,731,6.09,653.6
785,2026-08-20 23:53:02,730,6.08,651.0
786,2026-08-20 23:54:01,731,6.09,653.6
787,2026-08-20 23:55:01,731,6.09,653.6
788,2026-08-20 23:56:01,731,6.09,653.6
789,2026-08-20 23:57:01,732,6.10,656.2
790,2026-08-20 23:58:01,731,6.09,653.6
791,2026-08-20 23:59:01,731,6.09,653.6
792,2026-08-21 00:00:01,731,6.09,653.6
793,2026-08-21 00:01:01,730,6.08,651.0
794,2026-08-21 00:02:01,731,6.09,653.6
795,2026-08-21 00:03:01,730,6.08,651.0
796,2026-08-21 00:04:01,730,6.08,651.0
797,2026-08-21 00:05:01,731,6.09,653.6
798,2026-08-21 00:06:01,730,6.08,651.0
799,2026-08-21 00:07:01,730,6.08,651.0
800,2026-08-21 00:08:01,730,6.08,651.0
801,2026-08-21 00:09:01,730,6.08,651.0
802,2026-08-21 00:10:01,730,6.08,651.0
803,2026-08-21 00:11:01,730,6.08,651.0
804,2026-08-21 00:12:01,729,6.07,648.4
805,2026-08-21 00:13:01,730,6.08,651.0
806,2026-08-21 00:14:01,730,6.08,651.0
807,2026-08-21 00:15:01,730,6.08,651.0
808,2026-08-21 00:16:01,730,6.08,651.0
809,2026-08-21 00:17:01,730,6.08,651.0
810,2026-08-21 00:18:01,730,6.08,651.0
811,2026-08-21 00:19:01,729,6.07,648.4
812,2026-08-21 00:20:01,730,6.08,651.0
813,2026-08-21 00:21:01,730,6.08,651.0
814,2026-08-21 00:22:01,730,6.08,651.0
815,2026-08-21 00:23:01,729,6.07,648.4
816,2026-08-21 00:24:01,729,6.07,648.4
817,2026-08-21 00:25:01,729,6.07,648.4
818,2026-08-21 00:26:01,729,6.07,648.4
819,2026-08-21 00:27:01,729,6.07,648.4
820,2026-08-21 00:28:01,728,6.07,645.8
821,2026-08-21 00:29:01,729,6.07,648.4
822,2026-08-21 00:30:01,729,6.07,648.4
823,2026-08-21 00:31:01,728,6.07,645.8
824,2026-08-21 00:32:01,729,6.07,648.4
825,2026-08-21 00:33:01,729,6.07,648.4
826,2026-08-21 00:34:01,729,6.07,648.4
827,2026-08-21 00:35:01,729,6.07,648.4
828,2026-08-21 00:36:01,729,6.07,648.4
829,2026-08-21 00:37:01,729,6.07,648.4
830,2026-08-21 00:38:01,729,6.07,648.4
831,2026-08-21 00:39:01,728,6.07,645.8
832,2026-08-21 00:40:01,727,6.06,643.2
833,2026-08-21 00:41:01,729,6.07,648.4
834,2026-08-21 00:42:01,728,6.07,645.8
835,2026-08-21 00:43:01,728,6.07,645.8
836,2026-08-21 00:44:01,727,6.06,643.2
837,2026-08-21 00:45:00,728,6.07,645.8
838,2026-08-21 00:46:01,728,6.07,645.8
839,2026-08-21 00:47:01,728,6.07,645.8
840,2026-08-21 00:48:00,728,6.07,645.8
841,2026-08-21 00:49:00,728,6.07,645.8
842,2026-08-21 00:50:01,727,6.06,643.2
843,2026-08-21 00:51:00,727,6.06,643.2
844,2026-08-21 00:52:00,726,6.05,640.6
845,2026-08-21 00:53:00,728,6.07,645.8
846,2026-08-21 00:54:00,727,6.06,643.2
847,2026-08-21 00:55:00,727,6.06,643.2
848,2026-08-21 00:56:00,728,6.07,645.8
849,2026-08-21 00:57:00,727,6.06,643.2
850,2026-08-21 00:58:00,728,6.07,645.8
851,2026-08-21 00:59:00,727,6.06,643.2
852,2026-08-21 01:00:00,728,6.07,645.8
853,2026-08-21 01:01:00,727,6.06,643.2
854,2026-08-21 01:02:00,727,6.06,643.2
855,2026-08-21 01:03:00,726,6.05,640.6
856,2026-08-21 01:04:00,727,6.06,643.2
857,2026-08-21 01:05:00,726,6.05,640.6
858,2026-08-21 01:06:00,726,6.05,640.6
859,2026-08-21 01:07:00,726,6.05,640.6
860,2026-08-21 01:08:00,726,6.05,640.6
861,2026-08-21 01:09:00,727,6.06,643.2
862,2026-08-21 01:10:00,726,6.05,640.6
863,2026-08-21 01:11:00,726,6.05,640.6
864,2026-08-21 01:12:00,726,6.05,640.6
865,2026-08-21 01:13:00,726,6.05,640.6
866,2026-08-21 01:14:00,725,6.04,638.0
867,2026-08-21 01:15:00,725,6.04,638.0
868,2026-08-21 01:16:00,726,6.05,640.6
869,2026-08-21 01:17:00,726,6.05,640.6
870,2026-08-21 01:18:00,726,6.05,640.6
871,2026-08-21 01:19:00,725,6.04,638.0
872,2026-08-21 01:20:00,726,6.05,640.6
873,2026-08-21 01:21:00,725,6.04,638.0
874,2026-08-21 01:22:00,726,6.05,640.6
875,2026-08-21 01:23:00,726,6.05,640.6
876,2026-08-21 01:24:00,727,6.06,643.2
877,2026-08-21 01:25:00,726,6.05,640.6
878,2026-08-21 01:26:00,726,6.05,640.6
879,2026-08-21 01:27:00,725,6.04,638.0
880,2026-08-21 01:28:00,726,6.05,640.6
881,2026-08-21 01:29:00,726,6.05,640.6
882,2026-08-21 01:30:00,726,6.05,640.6
883,2026-08-21 01:31:00,725,6.04,638.0
884,2026-08-21 01:32:00,725,6.04,638.0
885,2026-08-21 01:33:00,725,6.04,638.0
886,2026-08-21 01:34:00,724,6.03,635.4
887,2026-08-21 01:35:00,725,6.04,638.0
888,2026-08-21 01:36:00,725,6.04,638.0
889,2026-08-21 01:37:00,724,6.03,635.4
890,2026-08-21 01:38:00,725,6.04,638.0
891,2026-08-21 01:39:00,724,6.03,635.4
892,2026-08-21 01:40:00,725,6.04,638.0
893,2026-08-21 01:41:00,725,6.04,638.0
894,2026-08-21 01:42:00,725,6.04,638.0
895,2026-08-21 01:43:00,725,6.04,638.0
896,2026-08-21 01:43:59,725,6.04,638.0
897,2026-08-21 01:45:00,725,6.04,638.0
898,2026-08-21 01:46:00,725,6.04,638.0
899,2026-08-21 01:46:59,725,6.04,638.0
900,2026-08-21 01:47:59,725,6.04,638.0
901,2026-08-21 01:49:00,724,6.03,635.4
902,2026-08-21 01:49:59,725,6.04,638.0
903,2026-08-21 01:50:59,724,6.03,635.4
904,2026-08-21 01:51:59,725,6.04,638.0
905,2026-08-21 01:52:59,725,6.04,638.0
906,2026-08-21 01:53:59,725,6.04,638.0
907,2026-08-21 01:54:59,724,6.03,635.4
908,2026-08-21 01:55:59,725,6.04,638.0
909,2026-08-21 01:56:59,725,6.04,638.0
910,2026-08-21 01:57:59,725,6.04,638.0
911,2026-08-21 01:58:59,723,6.03,632.8
912,2026-08-21 01:59:59,725,6.04,638.0
913,2026-08-21 02:00:59,724,6.03,635.4
914,2026-08-21 02:01:59,725,6.04,638.0
915,2026-08-21 02:02:59,725,6.04,638.0
916,2026-08-21 02:03:59,725,6.04,638.0
917,2026-08-21 02:04:59,724,6.03,635.4
918,2026-08-21 02:05:59,724,6.03,635.4
919,2026-08-21 02:06:59,725,6.04,638.0
920,2026-08-21 02:07:59,724,6.03,635.4
921,2026-08-21 02:08:59,726,6.05,640.6
922,2026-08-21 02:09:59,725,6.04,638.0
923,2026-08-21 02:10:59,725,6.04,638.0
924,2026-08-21 02:11:59,725,6.04,638.0
925,2026-08-21 02:12:59,725,6.04,638.0
926,2026-08-21 02:13:59,725,6.04,638.0
927,2026-08-21 02:14:59,725,6.04,638.0
928,2026-08-21 02:15:59,724,6.03,635.4
929,2026-08-21 02:16:59,725,6.04,638.0
930,2026-08-21 02:17:59,725,6.04,638.0
931,2026-08-21 02:18:59,725,6.04,638.0
932,2026-08-21 02:19:59,725,6.04,638.0
933,2026-08-21 02:20:59,725,6.04,638.0
934,2026-08-21 02:21:59,725,6.04,638.0
935,2026-08-21 02:22:59,725,6.04,638.0
936,2026-08-21 02:23:59,725,6.04,638.0
937,2026-08-21 02:24:59,725,6.04,638.0
938,2026-08-21 02:25:59,725,6.04,638.0
939,2026-08-21 02:26:59,724,6.03,635.4
940,2026-08-21 02:27:59,724,6.03,635.4
941,2026-08-21 02:28:59,725,6.04,638.0
942,2026-08-21 02:29:59,724,6.03,635.4
943,2026-08-21 02:30:59,726,6.05,640.6
944,2026-08-21 02:31:59,724,6.03,635.4
945,2026-08-21 02:32:59,725,6.04,638.0
946,2026-08-21 02:33:59,725,6.04,638.0
947,2026-08-21 02:34:59,725,6.04,638.0
948,2026-08-21 02:35:59,725,6.04,638.0
949,2026-08-21 02:36:59,725,6.04,638.0
950,2026-08-21 02:37:59,725,6.04,638.0
951,2026-08-21 02:38:59,725,6.04,638.0
952,2026-08-21 02:39:59,725,6.04,638.0
953,2026-08-21 02:40:59,726,6.05,640.6
954,2026-08-21 02:41:59,725,6.04,638.0
955,2026-08-21 02:42:59,726,6.05,640.6
956,2026-08-21 02:43:59,725,6.04,638.0
957,2026-08-21 02:44:59,726,6.05,640.6
958,2026-08-21 02:45:59,725,6.04,638.0
959,2026-08-21 02:46:59,727,6.06,643.2
960,2026-08-21 02:47:59,726,6.05,640.6
961,2026-08-21 02:48:58,725,6.04,638.0
962,2026-08-21 02:49:59,726,6.05,640.6
963,2026-08-21 02:50:59,727,6.06,643.2
964,2026-08-21 02:51:58,727,6.06,643.2
965,2026-08-21 02:52:58,726,6.05,640.6
966,2026-08-21 02:53:59,726,6.05,640.6
967,2026-08-21 02:54:58,727,6.06,643.2
968,2026-08-21 02:55:58,727,6.06,643.2
969,2026-08-21 02:56:58,726,6.05,640.6
970,2026-08-21 02:57:58,727,6.06,643.2
971,2026-08-21 02:58:58,727,6.06,643.2
972,2026-08-21 02:59:58,727,6.06,643.2
973,2026-08-21 03:00:58,728,6.07,645.8
974,2026-08-21 03:01:58,728,6.07,645.8
975,2026-08-21 03:02:58,727,6.06,643.2
976,2026-08-21 03:03:58,729,6.07,648.4
977,2026-08-21 03:04:58,728,6.07,645.8
978,2026-08-21 03:05:58,729,6.07,648.4
979,2026-08-21 03:06:58,729,6.07,648.4
980,2026-08-21 03:07:58,729,6.07,648.4
981,2026-08-21 03:08:58,729,6.07,648.4
982,2026-08-21 03:09:58,730,6.08,651.0
983,2026-08-21 03:10:58,729,6.07,648.4
984,2026-08-21 03:11:58,729,6.07,648.4
985,2026-08-21 03:12:58,731,6.09,653.6
986,2026-08-21 03:13:58,731,6.09,653.6
987,2026-08-21 03:14:58,731,6.09,653.6
988,2026-08-21 03:15:58,730,6.08,651.0
989,2026-08-21 03:16:58,731,6.09,653.6
990,2026-08-21 03:17:58,732,6.10,656.2
991,2026-08-21 03:18:58,732,6.10,656.2
992,2026-08-21 03:19:58,732,6.10,656.2
993,2026-08-21 03:20:58,731,6.09,653.6
994,2026-08-21 03:21:58,732,6.10,656.2
995,2026-08-21 03:22:58,732,6.10,656.2
996,2026-08-21 03:23:58,732,6.10,656.2
997,2026-08-21 03:24:58,732,6.10,656.2
998,2026-08-21 03:25:58,731,6.09,653.6
999,2026-08-21 03:26:58,731,6.09,653.6
1000,2026-08-21 03:27:58,732,6.10,656.2
1001,2026-08-21 03:28:58,732,6.10,656.2
1002,2026-08-21 03:29:58,488,4.07,20.8
1003,2026-08-21 03:30:58,488,4.07,20.8
1004,2026-08-21 03:31:58,478,3.98,0.0
1005,2026-08-21 03:32:58,478,3.98,0.0